"","ActivityStartDate","discharge_cfs","Year","Month"
"1",2013-01-01,3120,2013,1
"2",2013-01-02,2740,2013,1
"3",2013-01-03,2430,2013,1
"4",2013-01-04,2190,2013,1
"5",2013-01-05,2180,2013,1
"6",2013-01-06,2110,2013,1
"7",2013-01-07,1850,2013,1
"8",2013-01-08,1600,2013,1
"9",2013-01-09,1400,2013,1
"10",2013-01-10,1260,2013,1
"11",2013-01-11,1170,2013,1
"12",2013-01-12,1090,2013,1
"13",2013-01-13,1050,2013,1
"14",2013-01-14,1020,2013,1
"15",2013-01-15,1030,2013,1
"16",2013-01-16,1030,2013,1
"17",2013-01-17,1010,2013,1
"18",2013-01-18,1050,2013,1
"19",2013-01-19,1200,2013,1
"20",2013-01-20,1930,2013,1
"21",2013-01-21,2750,2013,1
"22",2013-01-22,3140,2013,1
"23",2013-01-23,3360,2013,1
"24",2013-01-24,3510,2013,1
"25",2013-01-25,3530,2013,1
"26",2013-01-26,3480,2013,1
"27",2013-01-27,3420,2013,1
"28",2013-01-28,3270,2013,1
"29",2013-01-29,2540,2013,1
"30",2013-01-30,2170,2013,1
"31",2013-01-31,2050,2013,1
"32",2013-02-01,2030,2013,2
"33",2013-02-02,1950,2013,2
"34",2013-02-03,1850,2013,2
"35",2013-02-04,1750,2013,2
"36",2013-02-05,1730,2013,2
"37",2013-02-06,1680,2013,2
"38",2013-02-07,1590,2013,2
"39",2013-02-08,1940,2013,2
"40",2013-02-09,2410,2013,2
"41",2013-02-10,2730,2013,2
"42",2013-02-11,3200,2013,2
"43",2013-02-12,3560,2013,2
"44",2013-02-13,3660,2013,2
"45",2013-02-14,3530,2013,2
"46",2013-02-15,3350,2013,2
"47",2013-02-16,3330,2013,2
"48",2013-02-17,3370,2013,2
"49",2013-02-18,3210,2013,2
"50",2013-02-19,2710,2013,2
"51",2013-02-20,2400,2013,2
"52",2013-02-21,2190,2013,2
"53",2013-02-22,2040,2013,2
"54",2013-02-23,2130,2013,2
"55",2013-02-24,2720,2013,2
"56",2013-02-25,3270,2013,2
"57",2013-02-26,3770,2013,2
"58",2013-02-27,4430,2013,2
"59",2013-02-28,4960,2013,2
"60",2013-03-01,5310,2013,3
"61",2013-03-02,5480,2013,3
"62",2013-03-03,5630,2013,3
"63",2013-03-04,5700,2013,3
"64",2013-03-05,5550,2013,3
"65",2013-03-06,5090,2013,3
"66",2013-03-07,4440,2013,3
"67",2013-03-08,3770,2013,3
"68",2013-03-09,3310,2013,3
"69",2013-03-10,3040,2013,3
"70",2013-03-11,2680,2013,3
"71",2013-03-12,2170,2013,3
"72",2013-03-13,1970,2013,3
"73",2013-03-14,1940,2013,3
"74",2013-03-15,2090,2013,3
"75",2013-03-16,2220,2013,3
"76",2013-03-17,2380,2013,3
"77",2013-03-18,2410,2013,3
"78",2013-03-19,2190,2013,3
"79",2013-03-20,2020,2013,3
"80",2013-03-21,1930,2013,3
"81",2013-03-22,1830,2013,3
"82",2013-03-23,1560,2013,3
"83",2013-03-24,1400,2013,3
"84",2013-03-25,1380,2013,3
"85",2013-03-26,1370,2013,3
"86",2013-03-27,1490,2013,3
"87",2013-03-28,1810,2013,3
"88",2013-03-29,1970,2013,3
"89",2013-03-30,1930,2013,3
"90",2013-03-31,1840,2013,3
"91",2013-04-01,1760,2013,4
"92",2013-04-02,1840,2013,4
"93",2013-04-03,2010,2013,4
"94",2013-04-04,2180,2013,4
"95",2013-04-05,2280,2013,4
"96",2013-04-06,2360,2013,4
"97",2013-04-07,2600,2013,4
"98",2013-04-08,3060,2013,4
"99",2013-04-09,3220,2013,4
"100",2013-04-10,3050,2013,4
"101",2013-04-11,2770,2013,4
"102",2013-04-12,2540,2013,4
"103",2013-04-13,2250,2013,4
"104",2013-04-14,2040,2013,4
"105",2013-04-15,2080,2013,4
"106",2013-04-16,2120,2013,4
"107",2013-04-17,1970,2013,4
"108",2013-04-18,1820,2013,4
"109",2013-04-19,1680,2013,4
"110",2013-04-20,1670,2013,4
"111",2013-04-21,1640,2013,4
"112",2013-04-22,1600,2013,4
"113",2013-04-23,1660,2013,4
"114",2013-04-24,1540,2013,4
"115",2013-04-25,1350,2013,4
"116",2013-04-26,1300,2013,4
"117",2013-04-27,1260,2013,4
"118",2013-04-28,1200,2013,4
"119",2013-04-29,1130,2013,4
"120",2013-04-30,1280,2013,4
"121",2013-05-01,1670,2013,5
"122",2013-05-02,2630,2013,5
"123",2013-05-03,2880,2013,5
"124",2013-05-04,2710,2013,5
"125",2013-05-05,2300,2013,5
"126",2013-05-06,1930,2013,5
"127",2013-05-07,1670,2013,5
"128",2013-05-08,1510,2013,5
"129",2013-05-09,2170,2013,5
"130",2013-05-10,2840,2013,5
"131",2013-05-11,3190,2013,5
"132",2013-05-12,3450,2013,5
"133",2013-05-13,3630,2013,5
"134",2013-05-14,3660,2013,5
"135",2013-05-15,3560,2013,5
"136",2013-05-16,3370,2013,5
"137",2013-05-17,2580,2013,5
"138",2013-05-18,1730,2013,5
"139",2013-05-19,1390,2013,5
"140",2013-05-20,1300,2013,5
"141",2013-05-21,1230,2013,5
"142",2013-05-22,1750,2013,5
"143",2013-05-23,2860,2013,5
"144",2013-05-24,3310,2013,5
"145",2013-05-25,3600,2013,5
"146",2013-05-26,3740,2013,5
"147",2013-05-27,3850,2013,5
"148",2013-05-28,3780,2013,5
"149",2013-05-29,3120,2013,5
"150",2013-05-30,2400,2013,5
"151",2013-05-31,1440,2013,5
"152",2013-06-01,1070,2013,6
"153",2013-06-02,918,2013,6
"154",2013-06-03,835,2013,6
"155",2013-06-04,795,2013,6
"156",2013-06-05,738,2013,6
"157",2013-06-06,711,2013,6
"158",2013-06-07,1010,2013,6
"159",2013-06-08,2090,2013,6
"160",2013-06-09,3300,2013,6
"161",2013-06-10,3860,2013,6
"162",2013-06-11,4510,2013,6
"163",2013-06-12,5060,2013,6
"164",2013-06-13,5620,2013,6
"165",2013-06-14,6390,2013,6
"166",2013-06-15,7640,2013,6
"167",2013-06-16,8710,2013,6
"168",2013-06-17,9200,2013,6
"169",2013-06-18,8930,2013,6
"170",2013-06-19,8000,2013,6
"171",2013-06-20,6740,2013,6
"172",2013-06-21,5840,2013,6
"173",2013-06-22,5360,2013,6
"174",2013-06-23,5190,2013,6
"175",2013-06-24,5160,2013,6
"176",2013-06-25,5110,2013,6
"177",2013-06-26,4740,2013,6
"178",2013-06-27,4220,2013,6
"179",2013-06-28,4020,2013,6
"180",2013-06-29,4170,2013,6
"181",2013-06-30,4290,2013,6
"182",2013-07-01,4690,2013,7
"183",2013-07-02,5400,2013,7
"184",2013-07-03,6010,2013,7
"185",2013-07-04,6790,2013,7
"186",2013-07-05,7600,2013,7
"187",2013-07-06,8140,2013,7
"188",2013-07-07,8690,2013,7
"189",2013-07-08,9300,2013,7
"190",2013-07-09,9940,2013,7
"191",2013-07-10,10300,2013,7
"192",2013-07-11,10300,2013,7
"193",2013-07-12,10100,2013,7
"194",2013-07-13,9680,2013,7
"195",2013-07-14,9380,2013,7
"196",2013-07-15,9320,2013,7
"197",2013-07-16,9460,2013,7
"198",2013-07-17,9800,2013,7
"199",2013-07-18,10400,2013,7
"200",2013-07-19,11200,2013,7
"201",2013-07-20,11800,2013,7
"202",2013-07-21,12000,2013,7
"203",2013-07-22,11600,2013,7
"204",2013-07-23,10500,2013,7
"205",2013-07-24,8410,2013,7
"206",2013-07-25,5070,2013,7
"207",2013-07-26,3540,2013,7
"208",2013-07-27,2980,2013,7
"209",2013-07-28,2700,2013,7
"210",2013-07-29,2440,2013,7
"211",2013-07-30,2410,2013,7
"212",2013-07-31,2490,2013,7
"213",2013-08-01,2300,2013,8
"214",2013-08-02,2100,2013,8
"215",2013-08-03,1880,2013,8
"216",2013-08-04,1870,2013,8
"217",2013-08-05,1900,2013,8
"218",2013-08-06,1760,2013,8
"219",2013-08-07,1900,2013,8
"220",2013-08-08,1770,2013,8
"221",2013-08-09,1490,2013,8
"222",2013-08-10,1280,2013,8
"223",2013-08-11,1150,2013,8
"224",2013-08-12,1150,2013,8
"225",2013-08-13,1140,2013,8
"226",2013-08-14,1340,2013,8
"227",2013-08-15,1370,2013,8
"228",2013-08-16,1260,2013,8
"229",2013-08-17,1350,2013,8
"230",2013-08-18,1450,2013,8
"231",2013-08-19,1670,2013,8
"232",2013-08-20,1710,2013,8
"233",2013-08-21,1890,2013,8
"234",2013-08-22,2210,2013,8
"235",2013-08-23,2700,2013,8
"236",2013-08-24,2880,2013,8
"237",2013-08-25,2870,2013,8
"238",2013-08-26,2590,2013,8
"239",2013-08-27,2140,2013,8
"240",2013-08-28,1760,2013,8
"241",2013-08-29,1470,2013,8
"242",2013-08-30,1260,2013,8
"243",2013-08-31,1090,2013,8
"244",2013-09-01,975,2013,9
"245",2013-09-02,1060,2013,9
"246",2013-09-03,1540,2013,9
"247",2013-09-04,2330,2013,9
"248",2013-09-05,3370,2013,9
"249",2013-09-06,3480,2013,9
"250",2013-09-07,2560,2013,9
"251",2013-09-08,1950,2013,9
"252",2013-09-09,1500,2013,9
"253",2013-09-10,1260,2013,9
"254",2013-09-11,1100,2013,9
"255",2013-09-12,992,2013,9
"256",2013-09-13,913,2013,9
"257",2013-09-14,825,2013,9
"258",2013-09-15,762,2013,9
"259",2013-09-16,725,2013,9
"260",2013-09-17,709,2013,9
"261",2013-09-18,696,2013,9
"262",2013-09-19,659,2013,9
"263",2013-09-20,680,2013,9
"264",2013-09-21,681,2013,9
"265",2013-09-22,874,2013,9
"266",2013-09-23,1580,2013,9
"267",2013-09-24,2190,2013,9
"268",2013-09-25,2940,2013,9
"269",2013-09-26,3370,2013,9
"270",2013-09-27,3190,2013,9
"271",2013-09-28,2310,2013,9
"272",2013-09-29,1790,2013,9
"273",2013-09-30,1390,2013,9
"274",2013-10-01,1150,2013,10
"275",2013-10-02,1010,2013,10
"276",2013-10-03,921,2013,10
"277",2013-10-04,854,2013,10
"278",2013-10-05,817,2013,10
"279",2013-10-06,775,2013,10
"280",2013-10-07,759,2013,10
"281",2013-10-08,781,2013,10
"282",2013-10-09,899,2013,10
"283",2013-10-10,1100,2013,10
"284",2013-10-11,1140,2013,10
"285",2013-10-12,1160,2013,10
"286",2013-10-13,1190,2013,10
"287",2013-10-14,1260,2013,10
"288",2013-10-15,1210,2013,10
"289",2013-10-16,1130,2013,10
"290",2013-10-17,1080,2013,10
"291",2013-10-18,1050,2013,10
"292",2013-10-19,1010,2013,10
"293",2013-10-20,1010,2013,10
"294",2013-10-21,1010,2013,10
"295",2013-10-22,981,2013,10
"296",2013-10-23,943,2013,10
"297",2013-10-24,913,2013,10
"298",2013-10-25,866,2013,10
"299",2013-10-26,839,2013,10
"300",2013-10-27,808,2013,10
"301",2013-10-28,775,2013,10
"302",2013-10-29,747,2013,10
"303",2013-10-30,715,2013,10
"304",2013-10-31,685,2013,10
"305",2013-11-01,654,2013,11
"306",2013-11-02,663,2013,11
"307",2013-11-03,682,2013,11
"308",2013-11-04,711,2013,11
"309",2013-11-05,1040,2013,11
"310",2013-11-06,1110,2013,11
"311",2013-11-07,1010,2013,11
"312",2013-11-08,1030,2013,11
"313",2013-11-09,991,2013,11
"314",2013-11-10,941,2013,11
"315",2013-11-11,911,2013,11
"316",2013-11-12,869,2013,11
"317",2013-11-13,829,2013,11
"318",2013-11-14,789,2013,11
"319",2013-11-15,759,2013,11
"320",2013-11-16,741,2013,11
"321",2013-11-17,724,2013,11
"322",2013-11-18,712,2013,11
"323",2013-11-19,705,2013,11
"324",2013-11-20,705,2013,11
"325",2013-11-21,703,2013,11
"326",2013-11-22,694,2013,11
"327",2013-11-23,699,2013,11
"328",2013-11-24,702,2013,11
"329",2013-11-25,677,2013,11
"330",2013-11-26,681,2013,11
"331",2013-11-27,795,2013,11
"332",2013-11-28,1270,2013,11
"333",2013-11-29,1810,2013,11
"334",2013-11-30,2800,2013,11
"335",2013-12-01,3010,2013,12
"336",2013-12-02,2650,2013,12
"337",2013-12-03,2070,2013,12
"338",2013-12-04,1700,2013,12
"339",2013-12-05,1470,2013,12
"340",2013-12-06,1330,2013,12
"341",2013-12-07,1230,2013,12
"342",2013-12-08,1200,2013,12
"343",2013-12-09,1190,2013,12
"344",2013-12-10,1250,2013,12
"345",2013-12-11,1400,2013,12
"346",2013-12-12,1690,2013,12
"347",2013-12-13,2260,2013,12
"348",2013-12-14,2510,2013,12
"349",2013-12-15,2660,2013,12
"350",2013-12-16,2940,2013,12
"351",2013-12-17,3260,2013,12
"352",2013-12-18,3630,2013,12
"353",2013-12-19,3650,2013,12
"354",2013-12-20,2980,2013,12
"355",2013-12-21,2460,2013,12
"356",2013-12-22,2010,2013,12
"357",2013-12-23,1910,2013,12
"358",2013-12-24,2760,2013,12
"359",2013-12-25,2830,2013,12
"360",2013-12-26,3210,2013,12
"361",2013-12-27,3740,2013,12
"362",2013-12-28,3900,2013,12
"363",2013-12-29,3520,2013,12
"364",2013-12-30,3220,2013,12
"365",2013-12-31,3770,2013,12
"366",2014-01-01,4420,2014,1
"367",2014-01-02,5340,2014,1
"368",2014-01-03,5780,2014,1
"369",2014-01-04,6340,2014,1
"370",2014-01-05,6780,2014,1
"371",2014-01-06,7050,2014,1
"372",2014-01-07,6960,2014,1
"373",2014-01-08,6630,2014,1
"374",2014-01-09,6330,2014,1
"375",2014-01-10,6090,2014,1
"376",2014-01-11,5900,2014,1
"377",2014-01-12,5530,2014,1
"378",2014-01-13,5260,2014,1
"379",2014-01-14,5530,2014,1
"380",2014-01-15,6120,2014,1
"381",2014-01-16,6980,2014,1
"382",2014-01-17,7850,2014,1
"383",2014-01-18,8360,2014,1
"384",2014-01-19,8400,2014,1
"385",2014-01-20,8010,2014,1
"386",2014-01-21,7310,2014,1
"387",2014-01-22,6530,2014,1
"388",2014-01-23,5960,2014,1
"389",2014-01-24,5520,2014,1
"390",2014-01-25,5180,2014,1
"391",2014-01-26,4720,2014,1
"392",2014-01-27,3390,2014,1
"393",2014-01-28,2480,2014,1
"394",2014-01-29,2260,2014,1
"395",2014-01-30,2150,2014,1
"396",2014-01-31,2060,2014,1
"397",2014-02-01,2030,2014,2
"398",2014-02-02,2170,2014,2
"399",2014-02-03,2390,2014,2
"400",2014-02-04,2580,2014,2
"401",2014-02-05,2740,2014,2
"402",2014-02-06,2860,2014,2
"403",2014-02-07,3070,2014,2
"404",2014-02-08,3360,2014,2
"405",2014-02-09,3470,2014,2
"406",2014-02-10,3250,2014,2
"407",2014-02-11,2800,2014,2
"408",2014-02-12,2470,2014,2
"409",2014-02-13,2450,2014,2
"410",2014-02-14,2860,2014,2
"411",2014-02-15,3410,2014,2
"412",2014-02-16,4010,2014,2
"413",2014-02-17,4630,2014,2
"414",2014-02-18,5170,2014,2
"415",2014-02-19,5720,2014,2
"416",2014-02-20,6230,2014,2
"417",2014-02-21,6550,2014,2
"418",2014-02-22,6590,2014,2
"419",2014-02-23,6530,2014,2
"420",2014-02-24,6500,2014,2
"421",2014-02-25,6550,2014,2
"422",2014-02-26,6690,2014,2
"423",2014-02-27,6830,2014,2
"424",2014-02-28,6800,2014,2
"425",2014-03-01,6530,2014,3
"426",2014-03-02,6120,2014,3
"427",2014-03-03,4920,2014,3
"428",2014-03-04,3550,2014,3
"429",2014-03-05,2640,2014,3
"430",2014-03-06,2530,2014,3
"431",2014-03-07,3240,2014,3
"432",2014-03-08,4090,2014,3
"433",2014-03-09,4640,2014,3
"434",2014-03-10,5280,2014,3
"435",2014-03-11,5810,2014,3
"436",2014-03-12,6300,2014,3
"437",2014-03-13,6810,2014,3
"438",2014-03-14,7240,2014,3
"439",2014-03-15,7500,2014,3
"440",2014-03-16,7470,2014,3
"441",2014-03-17,7210,2014,3
"442",2014-03-18,6850,2014,3
"443",2014-03-19,6520,2014,3
"444",2014-03-20,6380,2014,3
"445",2014-03-21,6340,2014,3
"446",2014-03-22,6370,2014,3
"447",2014-03-23,6440,2014,3
"448",2014-03-24,6470,2014,3
"449",2014-03-25,6430,2014,3
"450",2014-03-26,6220,2014,3
"451",2014-03-27,5170,2014,3
"452",2014-03-28,4000,2014,3
"453",2014-03-29,3500,2014,3
"454",2014-03-30,3540,2014,3
"455",2014-03-31,3890,2014,3
"456",2014-04-01,4350,2014,4
"457",2014-04-02,4850,2014,4
"458",2014-04-03,5330,2014,4
"459",2014-04-04,5640,2014,4
"460",2014-04-05,5750,2014,4
"461",2014-04-06,5540,2014,4
"462",2014-04-07,4650,2014,4
"463",2014-04-08,3550,2014,4
"464",2014-04-09,2840,2014,4
"465",2014-04-10,2730,2014,4
"466",2014-04-11,3100,2014,4
"467",2014-04-12,3440,2014,4
"468",2014-04-13,3730,2014,4
"469",2014-04-14,3930,2014,4
"470",2014-04-15,4150,2014,4
"471",2014-04-16,4440,2014,4
"472",2014-04-17,4710,2014,4
"473",2014-04-18,5050,2014,4
"474",2014-04-19,5630,2014,4
"475",2014-04-20,6310,2014,4
"476",2014-04-21,6850,2014,4
"477",2014-04-22,7020,2014,4
"478",2014-04-23,6790,2014,4
"479",2014-04-24,6420,2014,4
"480",2014-04-25,6040,2014,4
"481",2014-04-26,5560,2014,4
"482",2014-04-27,4610,2014,4
"483",2014-04-28,3660,2014,4
"484",2014-04-29,3060,2014,4
"485",2014-04-30,2600,2014,4
"486",2014-05-01,3350,2014,5
"487",2014-05-02,4430,2014,5
"488",2014-05-03,4990,2014,5
"489",2014-05-04,5580,2014,5
"490",2014-05-05,6010,2014,5
"491",2014-05-06,6140,2014,5
"492",2014-05-07,5780,2014,5
"493",2014-05-08,4630,2014,5
"494",2014-05-09,3430,2014,5
"495",2014-05-10,2440,2014,5
"496",2014-05-11,2050,2014,5
"497",2014-05-12,1730,2014,5
"498",2014-05-13,1530,2014,5
"499",2014-05-14,1370,2014,5
"500",2014-05-15,1230,2014,5
"501",2014-05-16,2320,2014,5
"502",2014-05-17,3710,2014,5
"503",2014-05-18,4370,2014,5
"504",2014-05-19,4940,2014,5
"505",2014-05-20,5390,2014,5
"506",2014-05-21,5860,2014,5
"507",2014-05-22,6450,2014,5
"508",2014-05-23,7310,2014,5
"509",2014-05-24,7940,2014,5
"510",2014-05-25,8000,2014,5
"511",2014-05-26,7430,2014,5
"512",2014-05-27,6010,2014,5
"513",2014-05-28,4960,2014,5
"514",2014-05-29,4400,2014,5
"515",2014-05-30,3810,2014,5
"516",2014-05-31,3470,2014,5
"517",2014-06-01,3240,2014,6
"518",2014-06-02,2790,2014,6
"519",2014-06-03,1860,2014,6
"520",2014-06-04,1530,2014,6
"521",2014-06-05,1390,2014,6
"522",2014-06-06,1470,2014,6
"523",2014-06-07,1810,2014,6
"524",2014-06-08,1680,2014,6
"525",2014-06-09,1460,2014,6
"526",2014-06-10,1360,2014,6
"527",2014-06-11,1440,2014,6
"528",2014-06-12,1350,2014,6
"529",2014-06-13,1410,2014,6
"530",2014-06-14,1620,2014,6
"531",2014-06-15,2070,2014,6
"532",2014-06-16,1930,2014,6
"533",2014-06-17,1570,2014,6
"534",2014-06-18,1290,2014,6
"535",2014-06-19,1070,2014,6
"536",2014-06-20,994,2014,6
"537",2014-06-21,1350,2014,6
"538",2014-06-22,1720,2014,6
"539",2014-06-23,1760,2014,6
"540",2014-06-24,1660,2014,6
"541",2014-06-25,1570,2014,6
"542",2014-06-26,1280,2014,6
"543",2014-06-27,1100,2014,6
"544",2014-06-28,1130,2014,6
"545",2014-06-29,956,2014,6
"546",2014-06-30,892,2014,6
"547",2014-07-01,891,2014,7
"548",2014-07-02,820,2014,7
"549",2014-07-03,843,2014,7
"550",2014-07-04,1390,2014,7
"551",2014-07-05,1540,2014,7
"552",2014-07-06,1430,2014,7
"553",2014-07-07,1310,2014,7
"554",2014-07-08,1010,2014,7
"555",2014-07-09,778,2014,7
"556",2014-07-10,803,2014,7
"557",2014-07-11,1140,2014,7
"558",2014-07-12,1160,2014,7
"559",2014-07-13,1460,2014,7
"560",2014-07-14,1770,2014,7
"561",2014-07-15,1410,2014,7
"562",2014-07-16,1480,2014,7
"563",2014-07-17,1430,2014,7
"564",2014-07-18,1510,2014,7
"565",2014-07-19,2260,2014,7
"566",2014-07-20,2020,2014,7
"567",2014-07-21,1480,2014,7
"568",2014-07-22,1160,2014,7
"569",2014-07-23,1080,2014,7
"570",2014-07-24,1260,2014,7
"571",2014-07-25,2530,2014,7
"572",2014-07-26,2990,2014,7
"573",2014-07-27,3040,2014,7
"574",2014-07-28,3240,2014,7
"575",2014-07-29,2970,2014,7
"576",2014-07-30,2350,2014,7
"577",2014-07-31,1820,2014,7
"578",2014-08-01,1530,2014,8
"579",2014-08-02,1880,2014,8
"580",2014-08-03,3120,2014,8
"581",2014-08-04,3830,2014,8
"582",2014-08-05,4110,2014,8
"583",2014-08-06,4200,2014,8
"584",2014-08-07,3560,2014,8
"585",2014-08-08,2610,2014,8
"586",2014-08-09,1840,2014,8
"587",2014-08-10,1530,2014,8
"588",2014-08-11,1420,2014,8
"589",2014-08-12,1740,2014,8
"590",2014-08-13,2680,2014,8
"591",2014-08-14,3120,2014,8
"592",2014-08-15,3570,2014,8
"593",2014-08-16,4140,2014,8
"594",2014-08-17,4750,2014,8
"595",2014-08-18,5370,2014,8
"596",2014-08-19,6050,2014,8
"597",2014-08-20,6460,2014,8
"598",2014-08-21,6450,2014,8
"599",2014-08-22,5450,2014,8
"600",2014-08-23,4230,2014,8
"601",2014-08-24,2870,2014,8
"602",2014-08-25,1970,2014,8
"603",2014-08-26,1640,2014,8
"604",2014-08-27,1460,2014,8
"605",2014-08-28,1310,2014,8
"606",2014-08-29,1180,2014,8
"607",2014-08-30,1060,2014,8
"608",2014-08-31,972,2014,8
"609",2014-09-01,945,2014,9
"610",2014-09-02,953,2014,9
"611",2014-09-03,911,2014,9
"612",2014-09-04,886,2014,9
"613",2014-09-05,968,2014,9
"614",2014-09-06,1190,2014,9
"615",2014-09-07,1290,2014,9
"616",2014-09-08,2050,2014,9
"617",2014-09-09,2950,2014,9
"618",2014-09-10,4320,2014,9
"619",2014-09-11,4950,2014,9
"620",2014-09-12,5470,2014,9
"621",2014-09-13,6130,2014,9
"622",2014-09-14,7770,2014,9
"623",2014-09-15,8970,2014,9
"624",2014-09-16,10100,2014,9
"625",2014-09-17,10200,2014,9
"626",2014-09-18,9570,2014,9
"627",2014-09-19,7360,2014,9
"628",2014-09-20,4970,2014,9
"629",2014-09-21,3400,2014,9
"630",2014-09-22,2210,2014,9
"631",2014-09-23,1780,2014,9
"632",2014-09-24,1640,2014,9
"633",2014-09-25,2170,2014,9
"634",2014-09-26,2650,2014,9
"635",2014-09-27,2940,2014,9
"636",2014-09-28,3460,2014,9
"637",2014-09-29,3430,2014,9
"638",2014-09-30,2530,2014,9
"639",2014-10-01,2060,2014,10
"640",2014-10-02,1760,2014,10
"641",2014-10-03,1600,2014,10
"642",2014-10-04,1500,2014,10
"643",2014-10-05,1410,2014,10
"644",2014-10-06,1350,2014,10
"645",2014-10-07,1350,2014,10
"646",2014-10-08,1350,2014,10
"647",2014-10-09,1270,2014,10
"648",2014-10-10,1170,2014,10
"649",2014-10-11,1100,2014,10
"650",2014-10-12,1040,2014,10
"651",2014-10-13,1000,2014,10
"652",2014-10-14,1230,2014,10
"653",2014-10-15,1510,2014,10
"654",2014-10-16,1680,2014,10
"655",2014-10-17,2410,2014,10
"656",2014-10-18,3390,2014,10
"657",2014-10-19,3920,2014,10
"658",2014-10-20,4450,2014,10
"659",2014-10-21,4780,2014,10
"660",2014-10-22,3890,2014,10
"661",2014-10-23,2310,2014,10
"662",2014-10-24,1650,2014,10
"663",2014-10-25,1350,2014,10
"664",2014-10-26,1200,2014,10
"665",2014-10-27,1080,2014,10
"666",2014-10-28,1000,2014,10
"667",2014-10-29,949,2014,10
"668",2014-10-30,904,2014,10
"669",2014-10-31,867,2014,10
"670",2014-11-01,846,2014,11
"671",2014-11-02,860,2014,11
"672",2014-11-03,853,2014,11
"673",2014-11-04,846,2014,11
"674",2014-11-05,891,2014,11
"675",2014-11-06,875,2014,11
"676",2014-11-07,840,2014,11
"677",2014-11-08,807,2014,11
"678",2014-11-09,787,2014,11
"679",2014-11-10,772,2014,11
"680",2014-11-11,776,2014,11
"681",2014-11-12,760,2014,11
"682",2014-11-13,733,2014,11
"683",2014-11-14,719,2014,11
"684",2014-11-15,718,2014,11
"685",2014-11-16,714,2014,11
"686",2014-11-17,730,2014,11
"687",2014-11-18,730,2014,11
"688",2014-11-19,712,2014,11
"689",2014-11-20,724,2014,11
"690",2014-11-21,839,2014,11
"691",2014-11-22,882,2014,11
"692",2014-11-23,827,2014,11
"693",2014-11-24,860,2014,11
"694",2014-11-25,981,2014,11
"695",2014-11-26,1480,2014,11
"696",2014-11-27,2520,2014,11
"697",2014-11-28,3110,2014,11
"698",2014-11-29,3800,2014,11
"699",2014-11-30,4430,2014,11
"700",2014-12-01,5020,2014,12
"701",2014-12-02,5450,2014,12
"702",2014-12-03,5540,2014,12
"703",2014-12-04,4120,2014,12
"704",2014-12-05,2780,2014,12
"705",2014-12-06,2310,2014,12
"706",2014-12-07,2240,2014,12
"707",2014-12-08,2440,2014,12
"708",2014-12-09,2290,2014,12
"709",2014-12-10,2120,2014,12
"710",2014-12-11,2060,2014,12
"711",2014-12-12,2110,2014,12
"712",2014-12-13,2290,2014,12
"713",2014-12-14,2130,2014,12
"714",2014-12-15,1880,2014,12
"715",2014-12-16,1700,2014,12
"716",2014-12-17,1600,2014,12
"717",2014-12-18,1560,2014,12
"718",2014-12-19,1720,2014,12
"719",2014-12-20,1900,2014,12
"720",2014-12-21,1840,2014,12
"721",2014-12-22,1850,2014,12
"722",2014-12-23,2220,2014,12
"723",2014-12-24,3150,2014,12
"724",2014-12-25,4190,2014,12
"725",2014-12-26,5270,2014,12
"726",2014-12-27,5850,2014,12
"727",2014-12-28,6700,2014,12
"728",2014-12-29,7930,2014,12
"729",2014-12-30,9200,2014,12
"730",2014-12-31,10300,2014,12
"731",2015-01-01,11100,2015,1
"732",2015-01-02,11200,2015,1
"733",2015-01-03,10700,2015,1
"734",2015-01-04,9680,2015,1
"735",2015-01-05,8460,2015,1
"736",2015-01-06,7340,2015,1
"737",2015-01-07,6550,2015,1
"738",2015-01-08,6130,2015,1
"739",2015-01-09,5820,2015,1
"740",2015-01-10,5530,2015,1
"741",2015-01-11,5200,2015,1
"742",2015-01-12,4970,2015,1
"743",2015-01-13,4980,2015,1
"744",2015-01-14,5650,2015,1
"745",2015-01-15,6490,2015,1
"746",2015-01-16,7430,2015,1
"747",2015-01-17,8450,2015,1
"748",2015-01-18,9500,2015,1
"749",2015-01-19,10400,2015,1
"750",2015-01-20,10900,2015,1
"751",2015-01-21,10600,2015,1
"752",2015-01-22,9970,2015,1
"753",2015-01-23,9290,2015,1
"754",2015-01-24,8940,2015,1
"755",2015-01-25,8580,2015,1
"756",2015-01-26,8060,2015,1
"757",2015-01-27,7410,2015,1
"758",2015-01-28,7050,2015,1
"759",2015-01-29,7090,2015,1
"760",2015-01-30,7160,2015,1
"761",2015-01-31,6870,2015,1
"762",2015-02-01,6310,2015,2
"763",2015-02-02,5770,2015,2
"764",2015-02-03,5170,2015,2
"765",2015-02-04,4560,2015,2
"766",2015-02-05,4290,2015,2
"767",2015-02-06,4280,2015,2
"768",2015-02-07,4130,2015,2
"769",2015-02-08,3710,2015,2
"770",2015-02-09,3130,2015,2
"771",2015-02-10,2750,2015,2
"772",2015-02-11,2570,2015,2
"773",2015-02-12,2670,2015,2
"774",2015-02-13,3060,2015,2
"775",2015-02-14,3310,2015,2
"776",2015-02-15,3620,2015,2
"777",2015-02-16,3810,2015,2
"778",2015-02-17,3620,2015,2
"779",2015-02-18,3190,2015,2
"780",2015-02-19,3010,2015,2
"781",2015-02-20,3020,2015,2
"782",2015-02-21,3080,2015,2
"783",2015-02-22,2970,2015,2
"784",2015-02-23,2740,2015,2
"785",2015-02-24,2810,2015,2
"786",2015-02-25,3060,2015,2
"787",2015-02-26,4200,2015,2
"788",2015-02-27,5180,2015,2
"789",2015-02-28,5750,2015,2
"790",2015-03-01,6250,2015,3
"791",2015-03-02,6840,2015,3
"792",2015-03-03,7520,2015,3
"793",2015-03-04,7930,2015,3
"794",2015-03-05,8010,2015,3
"795",2015-03-06,7980,2015,3
"796",2015-03-07,7920,2015,3
"797",2015-03-08,7910,2015,3
"798",2015-03-09,7910,2015,3
"799",2015-03-10,7970,2015,3
"800",2015-03-11,8150,2015,3
"801",2015-03-12,8400,2015,3
"802",2015-03-13,8550,2015,3
"803",2015-03-14,8540,2015,3
"804",2015-03-15,8470,2015,3
"805",2015-03-16,8170,2015,3
"806",2015-03-17,7580,2015,3
"807",2015-03-18,6850,2015,3
"808",2015-03-19,6300,2015,3
"809",2015-03-20,5840,2015,3
"810",2015-03-21,5270,2015,3
"811",2015-03-22,4820,2015,3
"812",2015-03-23,4690,2015,3
"813",2015-03-24,4780,2015,3
"814",2015-03-25,4650,2015,3
"815",2015-03-26,4210,2015,3
"816",2015-03-27,4070,2015,3
"817",2015-03-28,4450,2015,3
"818",2015-03-29,4940,2015,3
"819",2015-03-30,5330,2015,3
"820",2015-03-31,5550,2015,3
"821",2015-04-01,5430,2015,4
"822",2015-04-02,4950,2015,4
"823",2015-04-03,4330,2015,4
"824",2015-04-04,3640,2015,4
"825",2015-04-05,3050,2015,4
"826",2015-04-06,2570,2015,4
"827",2015-04-07,2230,2015,4
"828",2015-04-08,2040,2015,4
"829",2015-04-09,2040,2015,4
"830",2015-04-10,2070,2015,4
"831",2015-04-11,2260,2015,4
"832",2015-04-12,3200,2015,4
"833",2015-04-13,3810,2015,4
"834",2015-04-14,4290,2015,4
"835",2015-04-15,4550,2015,4
"836",2015-04-16,4640,2015,4
"837",2015-04-17,4800,2015,4
"838",2015-04-18,5000,2015,4
"839",2015-04-19,5140,2015,4
"840",2015-04-20,5080,2015,4
"841",2015-04-21,5130,2015,4
"842",2015-04-22,5700,2015,4
"843",2015-04-23,6180,2015,4
"844",2015-04-24,6720,2015,4
"845",2015-04-25,7140,2015,4
"846",2015-04-26,7060,2015,4
"847",2015-04-27,6440,2015,4
"848",2015-04-28,5970,2015,4
"849",2015-04-29,5410,2015,4
"850",2015-04-30,4220,2015,4
"851",2015-05-01,3360,2015,5
"852",2015-05-02,3110,2015,5
"853",2015-05-03,3110,2015,5
"854",2015-05-04,3520,2015,5
"855",2015-05-05,3960,2015,5
"856",2015-05-06,3920,2015,5
"857",2015-05-07,3080,2015,5
"858",2015-05-08,2680,2015,5
"859",2015-05-09,2470,2015,5
"860",2015-05-10,2820,2015,5
"861",2015-05-11,5050,2015,5
"862",2015-05-12,5790,2015,5
"863",2015-05-13,5990,2015,5
"864",2015-05-14,5680,2015,5
"865",2015-05-15,5260,2015,5
"866",2015-05-16,4160,2015,5
"867",2015-05-17,3020,2015,5
"868",2015-05-18,2220,2015,5
"869",2015-05-19,1890,2015,5
"870",2015-05-20,1660,2015,5
"871",2015-05-21,1500,2015,5
"872",2015-05-22,1420,2015,5
"873",2015-05-23,1340,2015,5
"874",2015-05-24,1260,2015,5
"875",2015-05-25,1210,2015,5
"876",2015-05-26,1130,2015,5
"877",2015-05-27,1050,2015,5
"878",2015-05-28,989,2015,5
"879",2015-05-29,958,2015,5
"880",2015-05-30,959,2015,5
"881",2015-05-31,969,2015,5
"882",2015-06-01,948,2015,6
"883",2015-06-02,871,2015,6
"884",2015-06-03,909,2015,6
"885",2015-06-04,991,2015,6
"886",2015-06-05,1070,2015,6
"887",2015-06-06,1420,2015,6
"888",2015-06-07,1410,2015,6
"889",2015-06-08,1250,2015,6
"890",2015-06-09,1110,2015,6
"891",2015-06-10,1030,2015,6
"892",2015-06-11,952,2015,6
"893",2015-06-12,883,2015,6
"894",2015-06-13,891,2015,6
"895",2015-06-14,874,2015,6
"896",2015-06-15,806,2015,6
"897",2015-06-16,731,2015,6
"898",2015-06-17,675,2015,6
"899",2015-06-18,691,2015,6
"900",2015-06-19,687,2015,6
"901",2015-06-20,703,2015,6
"902",2015-06-21,892,2015,6
"903",2015-06-22,1950,2015,6
"904",2015-06-23,2090,2015,6
"905",2015-06-24,1760,2015,6
"906",2015-06-25,1330,2015,6
"907",2015-06-26,1040,2015,6
"908",2015-06-27,1390,2015,6
"909",2015-06-28,1200,2015,6
"910",2015-06-29,1030,2015,6
"911",2015-06-30,1180,2015,6
"912",2015-07-01,1500,2015,7
"913",2015-07-02,1410,2015,7
"914",2015-07-03,1160,2015,7
"915",2015-07-04,1060,2015,7
"916",2015-07-05,1090,2015,7
"917",2015-07-06,1030,2015,7
"918",2015-07-07,1020,2015,7
"919",2015-07-08,1000,2015,7
"920",2015-07-09,1060,2015,7
"921",2015-07-10,998,2015,7
"922",2015-07-11,918,2015,7
"923",2015-07-12,884,2015,7
"924",2015-07-13,886,2015,7
"925",2015-07-14,887,2015,7
"926",2015-07-15,916,2015,7
"927",2015-07-16,1170,2015,7
"928",2015-07-17,1440,2015,7
"929",2015-07-18,1330,2015,7
"930",2015-07-19,1140,2015,7
"931",2015-07-20,1100,2015,7
"932",2015-07-21,869,2015,7
"933",2015-07-22,763,2015,7
"934",2015-07-23,1290,2015,7
"935",2015-07-24,1950,2015,7
"936",2015-07-25,1890,2015,7
"937",2015-07-26,2070,2015,7
"938",2015-07-27,2110,2015,7
"939",2015-07-28,1420,2015,7
"940",2015-07-29,1060,2015,7
"941",2015-07-30,841,2015,7
"942",2015-07-31,715,2015,7
"943",2015-08-01,631,2015,8
"944",2015-08-02,582,2015,8
"945",2015-08-03,555,2015,8
"946",2015-08-04,543,2015,8
"947",2015-08-05,525,2015,8
"948",2015-08-06,512,2015,8
"949",2015-08-07,582,2015,8
"950",2015-08-08,594,2015,8
"951",2015-08-09,596,2015,8
"952",2015-08-10,550,2015,8
"953",2015-08-11,593,2015,8
"954",2015-08-12,717,2015,8
"955",2015-08-13,676,2015,8
"956",2015-08-14,583,2015,8
"957",2015-08-15,676,2015,8
"958",2015-08-16,696,2015,8
"959",2015-08-17,584,2015,8
"960",2015-08-18,517,2015,8
"961",2015-08-19,499,2015,8
"962",2015-08-20,545,2015,8
"963",2015-08-21,578,2015,8
"964",2015-08-22,535,2015,8
"965",2015-08-23,560,2015,8
"966",2015-08-24,568,2015,8
"967",2015-08-25,534,2015,8
"968",2015-08-26,496,2015,8
"969",2015-08-27,540,2015,8
"970",2015-08-28,711,2015,8
"971",2015-08-29,684,2015,8
"972",2015-08-30,555,2015,8
"973",2015-08-31,517,2015,8
"974",2015-09-01,680,2015,9
"975",2015-09-02,624,2015,9
"976",2015-09-03,657,2015,9
"977",2015-09-04,951,2015,9
"978",2015-09-05,862,2015,9
"979",2015-09-06,836,2015,9
"980",2015-09-07,822,2015,9
"981",2015-09-08,828,2015,9
"982",2015-09-09,785,2015,9
"983",2015-09-10,746,2015,9
"984",2015-09-11,694,2015,9
"985",2015-09-12,762,2015,9
"986",2015-09-13,802,2015,9
"987",2015-09-14,690,2015,9
"988",2015-09-15,632,2015,9
"989",2015-09-16,568,2015,9
"990",2015-09-17,531,2015,9
"991",2015-09-18,503,2015,9
"992",2015-09-19,465,2015,9
"993",2015-09-20,439,2015,9
"994",2015-09-21,431,2015,9
"995",2015-09-22,418,2015,9
"996",2015-09-23,408,2015,9
"997",2015-09-24,422,2015,9
"998",2015-09-25,470,2015,9
"999",2015-09-26,535,2015,9
"1000",2015-09-27,564,2015,9
"1001",2015-09-28,736,2015,9
"1002",2015-09-29,1270,2015,9
"1003",2015-09-30,1400,2015,9
"1004",2015-10-01,1280,2015,10
"1005",2015-10-02,2030,2015,10
"1006",2015-10-03,3330,2015,10
"1007",2015-10-04,4020,2015,10
"1008",2015-10-05,4680,2015,10
"1009",2015-10-06,5200,2015,10
"1010",2015-10-07,5590,2015,10
"1011",2015-10-08,5840,2015,10
"1012",2015-10-09,5890,2015,10
"1013",2015-10-10,5530,2015,10
"1014",2015-10-11,3880,2015,10
"1015",2015-10-12,2640,2015,10
"1016",2015-10-13,2070,2015,10
"1017",2015-10-14,1690,2015,10
"1018",2015-10-15,1480,2015,10
"1019",2015-10-16,1330,2015,10
"1020",2015-10-17,1210,2015,10
"1021",2015-10-18,1100,2015,10
"1022",2015-10-19,1010,2015,10
"1023",2015-10-20,945,2015,10
"1024",2015-10-21,889,2015,10
"1025",2015-10-22,845,2015,10
"1026",2015-10-23,813,2015,10
"1027",2015-10-24,781,2015,10
"1028",2015-10-25,750,2015,10
"1029",2015-10-26,717,2015,10
"1030",2015-10-27,709,2015,10
"1031",2015-10-28,729,2015,10
"1032",2015-10-29,761,2015,10
"1033",2015-10-30,784,2015,10
"1034",2015-10-31,900,2015,10
"1035",2015-11-01,1110,2015,11
"1036",2015-11-02,1550,2015,11
"1037",2015-11-03,2660,2015,11
"1038",2015-11-04,3700,2015,11
"1039",2015-11-05,4330,2015,11
"1040",2015-11-06,5070,2015,11
"1041",2015-11-07,5720,2015,11
"1042",2015-11-08,6230,2015,11
"1043",2015-11-09,6670,2015,11
"1044",2015-11-10,6980,2015,11
"1045",2015-11-11,6360,2015,11
"1046",2015-11-12,5930,2015,11
"1047",2015-11-13,5850,2015,11
"1048",2015-11-14,6010,2015,11
"1049",2015-11-15,6290,2015,11
"1050",2015-11-16,6540,2015,11
"1051",2015-11-17,6650,2015,11
"1052",2015-11-18,6510,2015,11
"1053",2015-11-19,6450,2015,11
"1054",2015-11-20,6550,2015,11
"1055",2015-11-21,6390,2015,11
"1056",2015-11-22,6140,2015,11
"1057",2015-11-23,6090,2015,11
"1058",2015-11-24,6310,2015,11
"1059",2015-11-25,6470,2015,11
"1060",2015-11-26,6440,2015,11
"1061",2015-11-27,6320,2015,11
"1062",2015-11-28,6110,2015,11
"1063",2015-11-29,5650,2015,11
"1064",2015-11-30,4200,2015,11
"1065",2015-12-01,3110,2015,12
"1066",2015-12-02,2700,2015,12
"1067",2015-12-03,2800,2015,12
"1068",2015-12-04,3150,2015,12
"1069",2015-12-05,3270,2015,12
"1070",2015-12-06,3420,2015,12
"1071",2015-12-07,3740,2015,12
"1072",2015-12-08,4030,2015,12
"1073",2015-12-09,4070,2015,12
"1074",2015-12-10,3970,2015,12
"1075",2015-12-11,3700,2015,12
"1076",2015-12-12,3200,2015,12
"1077",2015-12-13,2770,2015,12
"1078",2015-12-14,2450,2015,12
"1079",2015-12-15,2210,2015,12
"1080",2015-12-16,2060,2015,12
"1081",2015-12-17,2000,2015,12
"1082",2015-12-18,2030,2015,12
"1083",2015-12-19,2320,2015,12
"1084",2015-12-20,2860,2015,12
"1085",2015-12-21,3470,2015,12
"1086",2015-12-22,3820,2015,12
"1087",2015-12-23,3920,2015,12
"1088",2015-12-24,4760,2015,12
"1089",2015-12-25,6120,2015,12
"1090",2015-12-26,6940,2015,12
"1091",2015-12-27,7810,2015,12
"1092",2015-12-28,8550,2015,12
"1093",2015-12-29,9490,2015,12
"1094",2015-12-30,10500,2015,12
"1095",2015-12-31,11500,2015,12
"1096",2016-01-01,11900,2016,1
"1097",2016-01-02,11200,2016,1
"1098",2016-01-03,10200,2016,1
"1099",2016-01-04,9630,2016,1
"1100",2016-01-05,9560,2016,1
"1101",2016-01-06,9850,2016,1
"1102",2016-01-07,10200,2016,1
"1103",2016-01-08,10300,2016,1
"1104",2016-01-09,10100,2016,1
"1105",2016-01-10,9690,2016,1
"1106",2016-01-11,9280,2016,1
"1107",2016-01-12,8940,2016,1
"1108",2016-01-13,8720,2016,1
"1109",2016-01-14,8590,2016,1
"1110",2016-01-15,8490,2016,1
"1111",2016-01-16,8440,2016,1
"1112",2016-01-17,8320,2016,1
"1113",2016-01-18,8070,2016,1
"1114",2016-01-19,7820,2016,1
"1115",2016-01-20,7560,2016,1
"1116",2016-01-21,7340,2016,1
"1117",2016-01-22,7170,2016,1
"1118",2016-01-23,7500,2016,1
"1119",2016-01-24,7640,2016,1
"1120",2016-01-25,7310,2016,1
"1121",2016-01-26,6630,2016,1
"1122",2016-01-27,6150,2016,1
"1123",2016-01-28,5700,2016,1
"1124",2016-01-29,5160,2016,1
"1125",2016-01-30,4630,2016,1
"1126",2016-01-31,4250,2016,1
"1127",2016-02-01,4200,2016,2
"1128",2016-02-02,4330,2016,2
"1129",2016-02-03,4470,2016,2
"1130",2016-02-04,5220,2016,2
"1131",2016-02-05,6690,2016,2
"1132",2016-02-06,7450,2016,2
"1133",2016-02-07,8270,2016,2
"1134",2016-02-08,9510,2016,2
"1135",2016-02-09,10900,2016,2
"1136",2016-02-10,11800,2016,2
"1137",2016-02-11,12300,2016,2
"1138",2016-02-12,12500,2016,2
"1139",2016-02-13,12300,2016,2
"1140",2016-02-14,11600,2016,2
"1141",2016-02-15,10300,2016,2
"1142",2016-02-16,8830,2016,2
"1143",2016-02-17,7300,2016,2
"1144",2016-02-18,6380,2016,2
"1145",2016-02-19,6110,2016,2
"1146",2016-02-20,6240,2016,2
"1147",2016-02-21,6580,2016,2
"1148",2016-02-22,6910,2016,2
"1149",2016-02-23,7010,2016,2
"1150",2016-02-24,7000,2016,2
"1151",2016-02-25,7150,2016,2
"1152",2016-02-26,7560,2016,2
"1153",2016-02-27,7710,2016,2
"1154",2016-02-28,7980,2016,2
"1155",2016-02-29,8600,2016,2
"1156",2016-03-01,9030,2016,3
"1157",2016-03-02,9030,2016,3
"1158",2016-03-03,8590,2016,3
"1159",2016-03-04,7980,2016,3
"1160",2016-03-05,7290,2016,3
"1161",2016-03-06,6440,2016,3
"1162",2016-03-07,5080,2016,3
"1163",2016-03-08,4210,2016,3
"1164",2016-03-09,3770,2016,3
"1165",2016-03-10,3360,2016,3
"1166",2016-03-11,3120,2016,3
"1167",2016-03-12,2940,2016,3
"1168",2016-03-13,2700,2016,3
"1169",2016-03-14,2550,2016,3
"1170",2016-03-15,2550,2016,3
"1171",2016-03-16,2640,2016,3
"1172",2016-03-17,2940,2016,3
"1173",2016-03-18,3440,2016,3
"1174",2016-03-19,3830,2016,3
"1175",2016-03-20,4040,2016,3
"1176",2016-03-21,3980,2016,3
"1177",2016-03-22,3740,2016,3
"1178",2016-03-23,3500,2016,3
"1179",2016-03-24,3340,2016,3
"1180",2016-03-25,3210,2016,3
"1181",2016-03-26,3090,2016,3
"1182",2016-03-27,3060,2016,3
"1183",2016-03-28,3200,2016,3
"1184",2016-03-29,3070,2016,3
"1185",2016-03-30,3180,2016,3
"1186",2016-03-31,3460,2016,3
"1187",2016-04-01,3560,2016,4
"1188",2016-04-02,3720,2016,4
"1189",2016-04-03,3920,2016,4
"1190",2016-04-04,3690,2016,4
"1191",2016-04-05,2710,2016,4
"1192",2016-04-06,2340,2016,4
"1193",2016-04-07,2140,2016,4
"1194",2016-04-08,2040,2016,4
"1195",2016-04-09,1930,2016,4
"1196",2016-04-10,1860,2016,4
"1197",2016-04-11,1770,2016,4
"1198",2016-04-12,1650,2016,4
"1199",2016-04-13,1710,2016,4
"1200",2016-04-14,1880,2016,4
"1201",2016-04-15,2270,2016,4
"1202",2016-04-16,2490,2016,4
"1203",2016-04-17,2260,2016,4
"1204",2016-04-18,1960,2016,4
"1205",2016-04-19,1750,2016,4
"1206",2016-04-20,1590,2016,4
"1207",2016-04-21,1470,2016,4
"1208",2016-04-22,1390,2016,4
"1209",2016-04-23,1460,2016,4
"1210",2016-04-24,1580,2016,4
"1211",2016-04-25,1950,2016,4
"1212",2016-04-26,2400,2016,4
"1213",2016-04-27,2260,2016,4
"1214",2016-04-28,1890,2016,4
"1215",2016-04-29,1640,2016,4
"1216",2016-04-30,1550,2016,4
"1217",2016-05-01,1740,2016,5
"1218",2016-05-02,2160,2016,5
"1219",2016-05-03,2500,2016,5
"1220",2016-05-04,3040,2016,5
"1221",2016-05-05,3470,2016,5
"1222",2016-05-06,4040,2016,5
"1223",2016-05-07,4630,2016,5
"1224",2016-05-08,5190,2016,5
"1225",2016-05-09,5630,2016,5
"1226",2016-05-10,5920,2016,5
"1227",2016-05-11,6070,2016,5
"1228",2016-05-12,6060,2016,5
"1229",2016-05-13,5840,2016,5
"1230",2016-05-14,5400,2016,5
"1231",2016-05-15,4360,2016,5
"1232",2016-05-16,3360,2016,5
"1233",2016-05-17,2770,2016,5
"1234",2016-05-18,2410,2016,5
"1235",2016-05-19,2280,2016,5
"1236",2016-05-20,2270,2016,5
"1237",2016-05-21,2400,2016,5
"1238",2016-05-22,2370,2016,5
"1239",2016-05-23,2140,2016,5
"1240",2016-05-24,1890,2016,5
"1241",2016-05-25,1710,2016,5
"1242",2016-05-26,1600,2016,5
"1243",2016-05-27,1480,2016,5
"1244",2016-05-28,1370,2016,5
"1245",2016-05-29,1300,2016,5
"1246",2016-05-30,1220,2016,5
"1247",2016-05-31,1190,2016,5
"1248",2016-06-01,1440,2016,6
"1249",2016-06-02,2000,2016,6
"1250",2016-06-03,2110,2016,6
"1251",2016-06-04,2130,2016,6
"1252",2016-06-05,1980,2016,6
"1253",2016-06-06,1840,2016,6
"1254",2016-06-07,2030,2016,6
"1255",2016-06-08,2520,2016,6
"1256",2016-06-09,2720,2016,6
"1257",2016-06-10,2900,2016,6
"1258",2016-06-11,2970,2016,6
"1259",2016-06-12,3010,2016,6
"1260",2016-06-13,2550,2016,6
"1261",2016-06-14,1700,2016,6
"1262",2016-06-15,1340,2016,6
"1263",2016-06-16,1190,2016,6
"1264",2016-06-17,1050,2016,6
"1265",2016-06-18,889,2016,6
"1266",2016-06-19,841,2016,6
"1267",2016-06-20,879,2016,6
"1268",2016-06-21,822,2016,6
"1269",2016-06-22,721,2016,6
"1270",2016-06-23,653,2016,6
"1271",2016-06-24,605,2016,6
"1272",2016-06-25,568,2016,6
"1273",2016-06-26,588,2016,6
"1274",2016-06-27,933,2016,6
"1275",2016-06-28,997,2016,6
"1276",2016-06-29,883,2016,6
"1277",2016-06-30,811,2016,6
"1278",2016-07-01,1380,2016,7
"1279",2016-07-02,2040,2016,7
"1280",2016-07-03,2420,2016,7
"1281",2016-07-04,2630,2016,7
"1282",2016-07-05,2720,2016,7
"1283",2016-07-06,2960,2016,7
"1284",2016-07-07,3140,2016,7
"1285",2016-07-08,3140,2016,7
"1286",2016-07-09,3490,2016,7
"1287",2016-07-10,3870,2016,7
"1288",2016-07-11,4200,2016,7
"1289",2016-07-12,4390,2016,7
"1290",2016-07-13,4220,2016,7
"1291",2016-07-14,3290,2016,7
"1292",2016-07-15,2900,2016,7
"1293",2016-07-16,2760,2016,7
"1294",2016-07-17,2640,2016,7
"1295",2016-07-18,2450,2016,7
"1296",2016-07-19,3100,2016,7
"1297",2016-07-20,3620,2016,7
"1298",2016-07-21,4100,2016,7
"1299",2016-07-22,4440,2016,7
"1300",2016-07-23,4770,2016,7
"1301",2016-07-24,5100,2016,7
"1302",2016-07-25,5240,2016,7
"1303",2016-07-26,3940,2016,7
"1304",2016-07-27,1920,2016,7
"1305",2016-07-28,1270,2016,7
"1306",2016-07-29,1050,2016,7
"1307",2016-07-30,917,2016,7
"1308",2016-07-31,875,2016,7
"1309",2016-08-01,930,2016,8
"1310",2016-08-02,1130,2016,8
"1311",2016-08-03,1320,2016,8
"1312",2016-08-04,1400,2016,8
"1313",2016-08-05,1370,2016,8
"1314",2016-08-06,1310,2016,8
"1315",2016-08-07,1250,2016,8
"1316",2016-08-08,1340,2016,8
"1317",2016-08-09,1930,2016,8
"1318",2016-08-10,2240,2016,8
"1319",2016-08-11,2360,2016,8
"1320",2016-08-12,2620,2016,8
"1321",2016-08-13,2340,2016,8
"1322",2016-08-14,1630,2016,8
"1323",2016-08-15,1240,2016,8
"1324",2016-08-16,993,2016,8
"1325",2016-08-17,842,2016,8
"1326",2016-08-18,761,2016,8
"1327",2016-08-19,715,2016,8
"1328",2016-08-20,739,2016,8
"1329",2016-08-21,733,2016,8
"1330",2016-08-22,694,2016,8
"1331",2016-08-23,737,2016,8
"1332",2016-08-24,798,2016,8
"1333",2016-08-25,788,2016,8
"1334",2016-08-26,697,2016,8
"1335",2016-08-27,618,2016,8
"1336",2016-08-28,582,2016,8
"1337",2016-08-29,568,2016,8
"1338",2016-08-30,558,2016,8
"1339",2016-08-31,539,2016,8
"1340",2016-09-01,536,2016,9
"1341",2016-09-02,780,2016,9
"1342",2016-09-03,2430,2016,9
"1343",2016-09-04,3220,2016,9
"1344",2016-09-05,3850,2016,9
"1345",2016-09-06,4340,2016,9
"1346",2016-09-07,4510,2016,9
"1347",2016-09-08,3710,2016,9
"1348",2016-09-09,2430,2016,9
"1349",2016-09-10,1620,2016,9
"1350",2016-09-11,1270,2016,9
"1351",2016-09-12,1040,2016,9
"1352",2016-09-13,890,2016,9
"1353",2016-09-14,801,2016,9
"1354",2016-09-15,747,2016,9
"1355",2016-09-16,701,2016,9
"1356",2016-09-17,667,2016,9
"1357",2016-09-18,639,2016,9
"1358",2016-09-19,763,2016,9
"1359",2016-09-20,1310,2016,9
"1360",2016-09-21,1530,2016,9
"1361",2016-09-22,1360,2016,9
"1362",2016-09-23,2000,2016,9
"1363",2016-09-24,2230,2016,9
"1364",2016-09-25,2460,2016,9
"1365",2016-09-26,2280,2016,9
"1366",2016-09-27,1770,2016,9
"1367",2016-09-28,1480,2016,9
"1368",2016-09-29,1490,2016,9
"1369",2016-09-30,2980,2016,9
"1370",2016-10-01,3530,2016,10
"1371",2016-10-02,3640,2016,10
"1372",2016-10-03,3630,2016,10
"1373",2016-10-04,3720,2016,10
"1374",2016-10-05,3750,2016,10
"1375",2016-10-06,3490,2016,10
"1376",2016-10-07,2990,2016,10
"1377",2016-10-08,4520,2016,10
"1378",2016-10-09,15100,2016,10
"1379",2016-10-10,20000,2016,10
"1380",2016-10-11,20700,2016,10
"1381",2016-10-12,28000,2016,10
"1382",2016-10-13,34700,2016,10
"1383",2016-10-14,37900,2016,10
"1384",2016-10-15,36200,2016,10
"1385",2016-10-16,33400,2016,10
"1386",2016-10-17,30100,2016,10
"1387",2016-10-18,26400,2016,10
"1388",2016-10-19,22600,2016,10
"1389",2016-10-20,18200,2016,10
"1390",2016-10-21,13400,2016,10
"1391",2016-10-22,9230,2016,10
"1392",2016-10-23,5950,2016,10
"1393",2016-10-24,4320,2016,10
"1394",2016-10-25,3980,2016,10
"1395",2016-10-26,4180,2016,10
"1396",2016-10-27,4420,2016,10
"1397",2016-10-28,4600,2016,10
"1398",2016-10-29,4750,2016,10
"1399",2016-10-30,4870,2016,10
"1400",2016-10-31,4960,2016,10
"1401",2016-11-01,5030,2016,11
"1402",2016-11-02,5080,2016,11
"1403",2016-11-03,5100,2016,11
"1404",2016-11-04,5120,2016,11
"1405",2016-11-05,5080,2016,11
"1406",2016-11-06,4760,2016,11
"1407",2016-11-07,3870,2016,11
"1408",2016-11-08,2700,2016,11
"1409",2016-11-09,2090,2016,11
"1410",2016-11-10,1930,2016,11
"1411",2016-11-11,1850,2016,11
"1412",2016-11-12,1770,2016,11
"1413",2016-11-13,1680,2016,11
"1414",2016-11-14,1490,2016,11
"1415",2016-11-15,1360,2016,11
"1416",2016-11-16,1270,2016,11
"1417",2016-11-17,1230,2016,11
"1418",2016-11-18,1230,2016,11
"1419",2016-11-19,1220,2016,11
"1420",2016-11-20,1160,2016,11
"1421",2016-11-21,1110,2016,11
"1422",2016-11-22,1060,2016,11
"1423",2016-11-23,1030,2016,11
"1424",2016-11-24,1020,2016,11
"1425",2016-11-25,1020,2016,11
"1426",2016-11-26,1020,2016,11
"1427",2016-11-27,1000,2016,11
"1428",2016-11-28,989,2016,11
"1429",2016-11-29,999,2016,11
"1430",2016-11-30,997,2016,11
"1431",2016-12-01,997,2016,12
"1432",2016-12-02,997,2016,12
"1433",2016-12-03,999,2016,12
"1434",2016-12-04,1000,2016,12
"1435",2016-12-05,1170,2016,12
"1436",2016-12-06,1360,2016,12
"1437",2016-12-07,1400,2016,12
"1438",2016-12-08,1600,2016,12
"1439",2016-12-09,1770,2016,12
"1440",2016-12-10,1770,2016,12
"1441",2016-12-11,1620,2016,12
"1442",2016-12-12,1470,2016,12
"1443",2016-12-13,1400,2016,12
"1444",2016-12-14,1400,2016,12
"1445",2016-12-15,1400,2016,12
"1446",2016-12-16,1350,2016,12
"1447",2016-12-17,1330,2016,12
"1448",2016-12-18,1300,2016,12
"1449",2016-12-19,1290,2016,12
"1450",2016-12-20,1500,2016,12
"1451",2016-12-21,1610,2016,12
"1452",2016-12-22,1760,2016,12
"1453",2016-12-23,1830,2016,12
"1454",2016-12-24,1680,2016,12
"1455",2016-12-25,1510,2016,12
"1456",2016-12-26,1390,2016,12
"1457",2016-12-27,1320,2016,12
"1458",2016-12-28,1260,2016,12
"1459",2016-12-29,1260,2016,12
"1460",2016-12-30,1390,2016,12
"1461",2016-12-31,1490,2016,12
"1462",2017-01-01,1630,2017,1
"1463",2017-01-02,1980,2017,1
"1464",2017-01-03,2390,2017,1
"1465",2017-01-04,3020,2017,1
"1466",2017-01-05,3760,2017,1
"1467",2017-01-06,4320,2017,1
"1468",2017-01-07,4840,2017,1
"1469",2017-01-08,5150,2017,1
"1470",2017-01-09,5140,2017,1
"1471",2017-01-10,5010,2017,1
"1472",2017-01-11,4950,2017,1
"1473",2017-01-12,4740,2017,1
"1474",2017-01-13,4300,2017,1
"1475",2017-01-14,3890,2017,1
"1476",2017-01-15,3640,2017,1
"1477",2017-01-16,3400,2017,1
"1478",2017-01-17,3090,2017,1
"1479",2017-01-18,2830,2017,1
"1480",2017-01-19,2650,2017,1
"1481",2017-01-20,2510,2017,1
"1482",2017-01-21,2410,2017,1
"1483",2017-01-22,2340,2017,1
"1484",2017-01-23,2400,2017,1
"1485",2017-01-24,2500,2017,1
"1486",2017-01-25,2520,2017,1
"1487",2017-01-26,2600,2017,1
"1488",2017-01-27,2680,2017,1
"1489",2017-01-28,2920,2017,1
"1490",2017-01-29,3050,2017,1
"1491",2017-01-30,3000,2017,1
"1492",2017-01-31,2880,2017,1
"1493",2017-02-01,2770,2017,2
"1494",2017-02-02,2700,2017,2
"1495",2017-02-03,2500,2017,2
"1496",2017-02-04,1950,2017,2
"1497",2017-02-05,1580,2017,2
"1498",2017-02-06,1460,2017,2
"1499",2017-02-07,1420,2017,2
"1500",2017-02-08,1360,2017,2
"1501",2017-02-09,1330,2017,2
"1502",2017-02-10,1280,2017,2
"1503",2017-02-11,1250,2017,2
"1504",2017-02-12,1370,2017,2
"1505",2017-02-13,1420,2017,2
"1506",2017-02-14,1330,2017,2
"1507",2017-02-15,1300,2017,2
"1508",2017-02-16,1470,2017,2
"1509",2017-02-17,1520,2017,2
"1510",2017-02-18,1640,2017,2
"1511",2017-02-19,1800,2017,2
"1512",2017-02-20,1680,2017,2
"1513",2017-02-21,1480,2017,2
"1514",2017-02-22,1350,2017,2
"1515",2017-02-23,1260,2017,2
"1516",2017-02-24,1180,2017,2
"1517",2017-02-25,1130,2017,2
"1518",2017-02-26,1100,2017,2
"1519",2017-02-27,1060,2017,2
"1520",2017-02-28,1030,2017,2
"1521",2017-03-01,1020,2017,3
"1522",2017-03-02,1060,2017,3
"1523",2017-03-03,1110,2017,3
"1524",2017-03-04,1240,2017,3
"1525",2017-03-05,1720,2017,3
"1526",2017-03-06,1720,2017,3
"1527",2017-03-07,1490,2017,3
"1528",2017-03-08,1300,2017,3
"1529",2017-03-09,1180,2017,3
"1530",2017-03-10,1090,2017,3
"1531",2017-03-11,1040,2017,3
"1532",2017-03-12,990,2017,3
"1533",2017-03-13,972,2017,3
"1534",2017-03-14,1090,2017,3
"1535",2017-03-15,1310,2017,3
"1536",2017-03-16,1700,2017,3
"1537",2017-03-17,2340,2017,3
"1538",2017-03-18,2440,2017,3
"1539",2017-03-19,2310,2017,3
"1540",2017-03-20,2120,2017,3
"1541",2017-03-21,1910,2017,3
"1542",2017-03-22,1840,2017,3
"1543",2017-03-23,1710,2017,3
"1544",2017-03-24,1570,2017,3
"1545",2017-03-25,1470,2017,3
"1546",2017-03-26,1380,2017,3
"1547",2017-03-27,1300,2017,3
"1548",2017-03-28,1250,2017,3
"1549",2017-03-29,1230,2017,3
"1550",2017-03-30,1210,2017,3
"1551",2017-03-31,1260,2017,3
"1552",2017-04-01,1670,2017,4
"1553",2017-04-02,2540,2017,4
"1554",2017-04-03,3230,2017,4
"1555",2017-04-04,3590,2017,4
"1556",2017-04-05,3290,2017,4
"1557",2017-04-06,2780,2017,4
"1558",2017-04-07,2760,2017,4
"1559",2017-04-08,2690,2017,4
"1560",2017-04-09,2680,2017,4
"1561",2017-04-10,2510,2017,4
"1562",2017-04-11,2260,2017,4
"1563",2017-04-12,2050,2017,4
"1564",2017-04-13,1860,2017,4
"1565",2017-04-14,1700,2017,4
"1566",2017-04-15,1580,2017,4
"1567",2017-04-16,1420,2017,4
"1568",2017-04-17,1250,2017,4
"1569",2017-04-18,1200,2017,4
"1570",2017-04-19,1150,2017,4
"1571",2017-04-20,1090,2017,4
"1572",2017-04-21,1040,2017,4
"1573",2017-04-22,960,2017,4
"1574",2017-04-23,901,2017,4
"1575",2017-04-24,1020,2017,4
"1576",2017-04-25,3350,2017,4
"1577",2017-04-26,5150,2017,4
"1578",2017-04-27,6310,2017,4
"1579",2017-04-28,7660,2017,4
"1580",2017-04-29,9400,2017,4
"1581",2017-04-30,12000,2017,4
"1582",2017-05-01,15700,2017,5
"1583",2017-05-02,18600,2017,5
"1584",2017-05-03,19500,2017,5
"1585",2017-05-04,18800,2017,5
"1586",2017-05-05,16900,2017,5
"1587",2017-05-06,14300,2017,5
"1588",2017-05-07,11600,2017,5
"1589",2017-05-08,9530,2017,5
"1590",2017-05-09,8040,2017,5
"1591",2017-05-10,7110,2017,5
"1592",2017-05-11,6600,2017,5
"1593",2017-05-12,6450,2017,5
"1594",2017-05-13,6470,2017,5
"1595",2017-05-14,6560,2017,5
"1596",2017-05-15,6710,2017,5
"1597",2017-05-16,6840,2017,5
"1598",2017-05-17,6920,2017,5
"1599",2017-05-18,6940,2017,5
"1600",2017-05-19,6860,2017,5
"1601",2017-05-20,6660,2017,5
"1602",2017-05-21,6400,2017,5
"1603",2017-05-22,6070,2017,5
"1604",2017-05-23,5520,2017,5
"1605",2017-05-24,4440,2017,5
"1606",2017-05-25,4130,2017,5
"1607",2017-05-26,4430,2017,5
"1608",2017-05-27,4890,2017,5
"1609",2017-05-28,5330,2017,5
"1610",2017-05-29,5660,2017,5
"1611",2017-05-30,5820,2017,5
"1612",2017-05-31,5700,2017,5
"1613",2017-06-01,5330,2017,6
"1614",2017-06-02,4870,2017,6
"1615",2017-06-03,4460,2017,6
"1616",2017-06-04,4200,2017,6
"1617",2017-06-05,3830,2017,6
"1618",2017-06-06,2940,2017,6
"1619",2017-06-07,2290,2017,6
"1620",2017-06-08,2240,2017,6
"1621",2017-06-09,2390,2017,6
"1622",2017-06-10,2240,2017,6
"1623",2017-06-11,2120,2017,6
"1624",2017-06-12,1940,2017,6
"1625",2017-06-13,1650,2017,6
"1626",2017-06-14,1410,2017,6
"1627",2017-06-15,1310,2017,6
"1628",2017-06-16,1120,2017,6
"1629",2017-06-17,1210,2017,6
"1630",2017-06-18,1350,2017,6
"1631",2017-06-19,1400,2017,6
"1632",2017-06-20,2380,2017,6
"1633",2017-06-21,3040,2017,6
"1634",2017-06-22,3410,2017,6
"1635",2017-06-23,3410,2017,6
"1636",2017-06-24,3590,2017,6
"1637",2017-06-25,4180,2017,6
"1638",2017-06-26,4310,2017,6
"1639",2017-06-27,4350,2017,6
"1640",2017-06-28,4380,2017,6
"1641",2017-06-29,4430,2017,6
"1642",2017-06-30,4550,2017,6
"1643",2017-07-01,4740,2017,7
"1644",2017-07-02,4780,2017,7
"1645",2017-07-03,3790,2017,7
"1646",2017-07-04,2130,2017,7
"1647",2017-07-05,1380,2017,7
"1648",2017-07-06,1110,2017,7
"1649",2017-07-07,1010,2017,7
"1650",2017-07-08,1180,2017,7
"1651",2017-07-09,1220,2017,7
"1652",2017-07-10,1200,2017,7
"1653",2017-07-11,1480,2017,7
"1654",2017-07-12,1550,2017,7
"1655",2017-07-13,1300,2017,7
"1656",2017-07-14,1130,2017,7
"1657",2017-07-15,951,2017,7
"1658",2017-07-16,855,2017,7
"1659",2017-07-17,914,2017,7
"1660",2017-07-18,1050,2017,7
"1661",2017-07-19,1160,2017,7
"1662",2017-07-20,1360,2017,7
"1663",2017-07-21,1280,2017,7
"1664",2017-07-22,1070,2017,7
"1665",2017-07-23,905,2017,7
"1666",2017-07-24,787,2017,7
"1667",2017-07-25,714,2017,7
"1668",2017-07-26,673,2017,7
"1669",2017-07-27,680,2017,7
"1670",2017-07-28,675,2017,7
"1671",2017-07-29,593,2017,7
"1672",2017-07-30,543,2017,7
"1673",2017-07-31,519,2017,7
"1674",2017-08-01,726,2017,8
"1675",2017-08-02,759,2017,8
"1676",2017-08-03,589,2017,8
"1677",2017-08-04,495,2017,8
"1678",2017-08-05,450,2017,8
"1679",2017-08-06,429,2017,8
"1680",2017-08-07,430,2017,8
"1681",2017-08-08,541,2017,8
"1682",2017-08-09,645,2017,8
"1683",2017-08-10,600,2017,8
"1684",2017-08-11,624,2017,8
"1685",2017-08-12,801,2017,8
"1686",2017-08-13,890,2017,8
"1687",2017-08-14,1110,2017,8
"1688",2017-08-15,1640,2017,8
"1689",2017-08-16,1600,2017,8
"1690",2017-08-17,1400,2017,8
"1691",2017-08-18,1780,2017,8
"1692",2017-08-19,1990,2017,8
"1693",2017-08-20,1720,2017,8
"1694",2017-08-21,1470,2017,8
"1695",2017-08-22,1110,2017,8
"1696",2017-08-23,858,2017,8
"1697",2017-08-24,718,2017,8
"1698",2017-08-25,629,2017,8
"1699",2017-08-26,600,2017,8
"1700",2017-08-27,652,2017,8
"1701",2017-08-28,592,2017,8
"1702",2017-08-29,536,2017,8
"1703",2017-08-30,524,2017,8
"1704",2017-08-31,560,2017,8
"1705",2017-09-01,565,2017,9
"1706",2017-09-02,785,2017,9
"1707",2017-09-03,2320,2017,9
"1708",2017-09-04,3170,2017,9
"1709",2017-09-05,3540,2017,9
"1710",2017-09-06,3610,2017,9
"1711",2017-09-07,3310,2017,9
"1712",2017-09-08,2840,2017,9
"1713",2017-09-09,2540,2017,9
"1714",2017-09-10,2510,2017,9
"1715",2017-09-11,1980,2017,9
"1716",2017-09-12,1480,2017,9
"1717",2017-09-13,1310,2017,9
"1718",2017-09-14,1220,2017,9
"1719",2017-09-15,1130,2017,9
"1720",2017-09-16,1110,2017,9
"1721",2017-09-17,1030,2017,9
"1722",2017-09-18,915,2017,9
"1723",2017-09-19,797,2017,9
"1724",2017-09-20,713,2017,9
"1725",2017-09-21,666,2017,9
"1726",2017-09-22,652,2017,9
"1727",2017-09-23,641,2017,9
"1728",2017-09-24,614,2017,9
"1729",2017-09-25,596,2017,9
"1730",2017-09-26,568,2017,9
"1731",2017-09-27,546,2017,9
"1732",2017-09-28,538,2017,9
"1733",2017-09-29,516,2017,9
"1734",2017-09-30,501,2017,9
"1735",2017-10-01,497,2017,10
"1736",2017-10-02,465,2017,10
"1737",2017-10-03,430,2017,10
"1738",2017-10-04,419,2017,10
"1739",2017-10-05,443,2017,10
"1740",2017-10-06,470,2017,10
"1741",2017-10-07,479,2017,10
"1742",2017-10-08,455,2017,10
"1743",2017-10-09,461,2017,10
"1744",2017-10-10,495,2017,10
"1745",2017-10-11,653,2017,10
"1746",2017-10-12,757,2017,10
"1747",2017-10-13,945,2017,10
"1748",2017-10-14,1040,2017,10
"1749",2017-10-15,1350,2017,10
"1750",2017-10-16,1190,2017,10
"1751",2017-10-17,917,2017,10
"1752",2017-10-18,791,2017,10
"1753",2017-10-19,715,2017,10
"1754",2017-10-20,688,2017,10
"1755",2017-10-21,641,2017,10
"1756",2017-10-22,575,2017,10
"1757",2017-10-23,529,2017,10
"1758",2017-10-24,531,2017,10
"1759",2017-10-25,482,2017,10
"1760",2017-10-26,486,2017,10
"1761",2017-10-27,1030,2017,10
"1762",2017-10-28,1130,2017,10
"1763",2017-10-29,955,2017,10
"1764",2017-10-30,874,2017,10
"1765",2017-10-31,835,2017,10
"1766",2017-11-01,1210,2017,11
"1767",2017-11-02,1410,2017,11
"1768",2017-11-03,1190,2017,11
"1769",2017-11-04,969,2017,11
"1770",2017-11-05,829,2017,11
"1771",2017-11-06,743,2017,11
"1772",2017-11-07,669,2017,11
"1773",2017-11-08,665,2017,11
"1774",2017-11-09,678,2017,11
"1775",2017-11-10,681,2017,11
"1776",2017-11-11,703,2017,11
"1777",2017-11-12,763,2017,11
"1778",2017-11-13,830,2017,11
"1779",2017-11-14,829,2017,11
"1780",2017-11-15,798,2017,11
"1781",2017-11-16,848,2017,11
"1782",2017-11-17,1030,2017,11
"1783",2017-11-18,975,2017,11
"1784",2017-11-19,863,2017,11
"1785",2017-11-20,757,2017,11
"1786",2017-11-21,687,2017,11
"1787",2017-11-22,650,2017,11
"1788",2017-11-23,618,2017,11
"1789",2017-11-24,597,2017,11
"1790",2017-11-25,577,2017,11
"1791",2017-11-26,560,2017,11
"1792",2017-11-27,539,2017,11
"1793",2017-11-28,527,2017,11
"1794",2017-11-29,517,2017,11
"1795",2017-11-30,511,2017,11
"1796",2017-12-01,504,2017,12
"1797",2017-12-02,504,2017,12
"1798",2017-12-03,498,2017,12
"1799",2017-12-04,499,2017,12
"1800",2017-12-05,508,2017,12
"1801",2017-12-06,513,2017,12
"1802",2017-12-07,545,2017,12
"1803",2017-12-08,608,2017,12
"1804",2017-12-09,1000,2017,12
"1805",2017-12-10,1710,2017,12
"1806",2017-12-11,2250,2017,12
"1807",2017-12-12,2960,2017,12
"1808",2017-12-13,3200,2017,12
"1809",2017-12-14,2660,2017,12
"1810",2017-12-15,1940,2017,12
"1811",2017-12-16,1510,2017,12
"1812",2017-12-17,1270,2017,12
"1813",2017-12-18,1120,2017,12
"1814",2017-12-19,1020,2017,12
"1815",2017-12-20,962,2017,12
"1816",2017-12-21,993,2017,12
"1817",2017-12-22,1030,2017,12
"1818",2017-12-23,1090,2017,12
"1819",2017-12-24,1250,2017,12
"1820",2017-12-25,1260,2017,12
"1821",2017-12-26,1160,2017,12
"1822",2017-12-27,1080,2017,12
"1823",2017-12-28,1020,2017,12
"1824",2017-12-29,981,2017,12
"1825",2017-12-30,959,2017,12
"1826",2017-12-31,962,2017,12
"1827",2018-01-01,976,2018,1
"1828",2018-01-02,916,2018,1
"1829",2018-01-03,871,2018,1
"1830",2018-01-04,824,2018,1
"1831",2018-01-05,773,2018,1
"1832",2018-01-06,749,2018,1
"1833",2018-01-07,756,2018,1
"1834",2018-01-08,758,2018,1
"1835",2018-01-09,764,2018,1
"1836",2018-01-10,786,2018,1
"1837",2018-01-11,839,2018,1
"1838",2018-01-12,1220,2018,1
"1839",2018-01-13,2190,2018,1
"1840",2018-01-14,2510,2018,1
"1841",2018-01-15,2400,2018,1
"1842",2018-01-16,2300,2018,1
"1843",2018-01-17,1980,2018,1
"1844",2018-01-18,1760,2018,1
"1845",2018-01-19,1630,2018,1
"1846",2018-01-20,1480,2018,1
"1847",2018-01-21,1330,2018,1
"1848",2018-01-22,1250,2018,1
"1849",2018-01-23,1220,2018,1
"1850",2018-01-24,1200,2018,1
"1851",2018-01-25,1160,2018,1
"1852",2018-01-26,1160,2018,1
"1853",2018-01-27,1260,2018,1
"1854",2018-01-28,1240,2018,1
"1855",2018-01-29,1710,2018,1
"1856",2018-01-30,2770,2018,1
"1857",2018-01-31,3640,2018,1
"1858",2018-02-01,4300,2018,2
"1859",2018-02-02,4890,2018,2
"1860",2018-02-03,5400,2018,2
"1861",2018-02-04,5620,2018,2
"1862",2018-02-05,5280,2018,2
"1863",2018-02-06,4730,2018,2
"1864",2018-02-07,4470,2018,2
"1865",2018-02-08,4530,2018,2
"1866",2018-02-09,4590,2018,2
"1867",2018-02-10,4230,2018,2
"1868",2018-02-11,3580,2018,2
"1869",2018-02-12,3110,2018,2
"1870",2018-02-13,2830,2018,2
"1871",2018-02-14,2570,2018,2
"1872",2018-02-15,2330,2018,2
"1873",2018-02-16,2130,2018,2
"1874",2018-02-17,1950,2018,2
"1875",2018-02-18,1750,2018,2
"1876",2018-02-19,1590,2018,2
"1877",2018-02-20,1480,2018,2
"1878",2018-02-21,1420,2018,2
"1879",2018-02-22,1430,2018,2
"1880",2018-02-23,1450,2018,2
"1881",2018-02-24,1390,2018,2
"1882",2018-02-25,1330,2018,2
"1883",2018-02-26,1280,2018,2
"1884",2018-02-27,1250,2018,2
"1885",2018-02-28,1230,2018,2
"1886",2018-03-01,1280,2018,3
"1887",2018-03-02,1590,2018,3
"1888",2018-03-03,2000,2018,3
"1889",2018-03-04,2230,2018,3
"1890",2018-03-05,2490,2018,3
"1891",2018-03-06,2310,2018,3
"1892",2018-03-07,1950,2018,3
"1893",2018-03-08,1680,2018,3
"1894",2018-03-09,1520,2018,3
"1895",2018-03-10,1540,2018,3
"1896",2018-03-11,1530,2018,3
"1897",2018-03-12,1450,2018,3
"1898",2018-03-13,1580,2018,3
"1899",2018-03-14,1780,2018,3
"1900",2018-03-15,2200,2018,3
"1901",2018-03-16,2740,2018,3
"1902",2018-03-17,2740,2018,3
"1903",2018-03-18,2310,2018,3
"1904",2018-03-19,1900,2018,3
"1905",2018-03-20,1710,2018,3
"1906",2018-03-21,1810,2018,3
"1907",2018-03-22,2410,2018,3
"1908",2018-03-23,3240,2018,3
"1909",2018-03-24,3840,2018,3
"1910",2018-03-25,4250,2018,3
"1911",2018-03-26,4270,2018,3
"1912",2018-03-27,4220,2018,3
"1913",2018-03-28,4430,2018,3
"1914",2018-03-29,4800,2018,3
"1915",2018-03-30,5100,2018,3
"1916",2018-03-31,5200,2018,3
"1917",2018-04-01,5080,2018,4
"1918",2018-04-02,4770,2018,4
"1919",2018-04-03,4110,2018,4
"1920",2018-04-04,3280,2018,4
"1921",2018-04-05,2680,2018,4
"1922",2018-04-06,2220,2018,4
"1923",2018-04-07,2040,2018,4
"1924",2018-04-08,2480,2018,4
"1925",2018-04-09,2810,2018,4
"1926",2018-04-10,3230,2018,4
"1927",2018-04-11,3650,2018,4
"1928",2018-04-12,3660,2018,4
"1929",2018-04-13,3320,2018,4
"1930",2018-04-14,2930,2018,4
"1931",2018-04-15,2570,2018,4
"1932",2018-04-16,2560,2018,4
"1933",2018-04-17,2860,2018,4
"1934",2018-04-18,3180,2018,4
"1935",2018-04-19,3690,2018,4
"1936",2018-04-20,4130,2018,4
"1937",2018-04-21,4400,2018,4
"1938",2018-04-22,4550,2018,4
"1939",2018-04-23,4620,2018,4
"1940",2018-04-24,4830,2018,4
"1941",2018-04-25,5150,2018,4
"1942",2018-04-26,5430,2018,4
"1943",2018-04-27,5480,2018,4
"1944",2018-04-28,5270,2018,4
"1945",2018-04-29,4860,2018,4
"1946",2018-04-30,4370,2018,4
"1947",2018-05-01,4020,2018,5
"1948",2018-05-02,3720,2018,5
"1949",2018-05-03,3400,2018,5
"1950",2018-05-04,2940,2018,5
"1951",2018-05-05,2340,2018,5
"1952",2018-05-06,2010,2018,5
"1953",2018-05-07,1940,2018,5
"1954",2018-05-08,2380,2018,5
"1955",2018-05-09,2300,2018,5
"1956",2018-05-10,1960,2018,5
"1957",2018-05-11,1690,2018,5
"1958",2018-05-12,1540,2018,5
"1959",2018-05-13,1360,2018,5
"1960",2018-05-14,1160,2018,5
"1961",2018-05-15,1020,2018,5
"1962",2018-05-16,932,2018,5
"1963",2018-05-17,908,2018,5
"1964",2018-05-18,1050,2018,5
"1965",2018-05-19,1930,2018,5
"1966",2018-05-20,3050,2018,5
"1967",2018-05-21,3840,2018,5
"1968",2018-05-22,4280,2018,5
"1969",2018-05-23,4410,2018,5
"1970",2018-05-24,4280,2018,5
"1971",2018-05-25,4200,2018,5
"1972",2018-05-26,4230,2018,5
"1973",2018-05-27,4280,2018,5
"1974",2018-05-28,4390,2018,5
"1975",2018-05-29,4650,2018,5
"1976",2018-05-30,4780,2018,5
"1977",2018-05-31,4440,2018,5
"1978",2018-06-01,4160,2018,6
"1979",2018-06-02,4110,2018,6
"1980",2018-06-03,4100,2018,6
"1981",2018-06-04,4160,2018,6
"1982",2018-06-05,4230,2018,6
"1983",2018-06-06,4250,2018,6
"1984",2018-06-07,4110,2018,6
"1985",2018-06-08,3650,2018,6
"1986",2018-06-09,2490,2018,6
"1987",2018-06-10,1550,2018,6
"1988",2018-06-11,1400,2018,6
"1989",2018-06-12,1790,2018,6
"1990",2018-06-13,1680,2018,6
"1991",2018-06-14,1280,2018,6
"1992",2018-06-15,1240,2018,6
"1993",2018-06-16,1150,2018,6
"1994",2018-06-17,1000,2018,6
"1995",2018-06-18,929,2018,6
"1996",2018-06-19,917,2018,6
"1997",2018-06-20,840,2018,6
"1998",2018-06-21,868,2018,6
"1999",2018-06-22,930,2018,6
"2000",2018-06-23,981,2018,6
"2001",2018-06-24,1110,2018,6
"2002",2018-06-25,980,2018,6
"2003",2018-06-26,822,2018,6
"2004",2018-06-27,711,2018,6
"2005",2018-06-28,656,2018,6
"2006",2018-06-29,602,2018,6
"2007",2018-06-30,613,2018,6
"2008",2018-07-01,637,2018,7
"2009",2018-07-02,592,2018,7
"2010",2018-07-03,556,2018,7
"2011",2018-07-04,597,2018,7
"2012",2018-07-05,675,2018,7
"2013",2018-07-06,581,2018,7
"2014",2018-07-07,545,2018,7
"2015",2018-07-08,799,2018,7
"2016",2018-07-09,779,2018,7
"2017",2018-07-10,1220,2018,7
"2018",2018-07-11,1370,2018,7
"2019",2018-07-12,1050,2018,7
"2020",2018-07-13,816,2018,7
"2021",2018-07-14,690,2018,7
"2022",2018-07-15,623,2018,7
"2023",2018-07-16,582,2018,7
"2024",2018-07-17,535,2018,7
"2025",2018-07-18,478,2018,7
"2026",2018-07-19,459,2018,7
"2027",2018-07-20,454,2018,7
"2028",2018-07-21,608,2018,7
"2029",2018-07-22,688,2018,7
"2030",2018-07-23,679,2018,7
"2031",2018-07-24,792,2018,7
"2032",2018-07-25,1230,2018,7
"2033",2018-07-26,1250,2018,7
"2034",2018-07-27,1160,2018,7
"2035",2018-07-28,1110,2018,7
"2036",2018-07-29,1420,2018,7
"2037",2018-07-30,2170,2018,7
"2038",2018-07-31,3160,2018,7
"2039",2018-08-01,2850,2018,8
"2040",2018-08-02,2380,2018,8
"2041",2018-08-03,2380,2018,8
"2042",2018-08-04,2680,2018,8
"2043",2018-08-05,3170,2018,8
"2044",2018-08-06,3650,2018,8
"2045",2018-08-07,3980,2018,8
"2046",2018-08-08,3960,2018,8
"2047",2018-08-09,3500,2018,8
"2048",2018-08-10,2750,2018,8
"2049",2018-08-11,2070,2018,8
"2050",2018-08-12,2570,2018,8
"2051",2018-08-13,3580,2018,8
"2052",2018-08-14,4740,2018,8
"2053",2018-08-15,5320,2018,8
"2054",2018-08-16,5200,2018,8
"2055",2018-08-17,4810,2018,8
"2056",2018-08-18,4190,2018,8
"2057",2018-08-19,3540,2018,8
"2058",2018-08-20,3760,2018,8
"2059",2018-08-21,4150,2018,8
"2060",2018-08-22,4730,2018,8
"2061",2018-08-23,5490,2018,8
"2062",2018-08-24,6180,2018,8
"2063",2018-08-25,6620,2018,8
"2064",2018-08-26,6790,2018,8
"2065",2018-08-27,6610,2018,8
"2066",2018-08-28,5670,2018,8
"2067",2018-08-29,3780,2018,8
"2068",2018-08-30,2090,2018,8
"2069",2018-08-31,1540,2018,8
"2070",2018-09-01,1460,2018,9
"2071",2018-09-02,1320,2018,9
"2072",2018-09-03,1530,2018,9
"2073",2018-09-04,1270,2018,9
"2074",2018-09-05,1130,2018,9
"2075",2018-09-06,1130,2018,9
"2076",2018-09-07,1030,2018,9
"2077",2018-09-08,915,2018,9
"2078",2018-09-09,847,2018,9
"2079",2018-09-10,828,2018,9
"2080",2018-09-11,919,2018,9
"2081",2018-09-12,1120,2018,9
"2082",2018-09-13,1450,2018,9
"2083",2018-09-14,3090,2018,9
"2084",2018-09-15,11000,2018,9
"2085",2018-09-16,19600,2018,9
"2086",2018-09-17,21100,2018,9
"2087",2018-09-18,21400,2018,9
"2088",2018-09-19,23600,2018,9
"2089",2018-09-20,27800,2018,9
"2090",2018-09-21,30200,2018,9
"2091",2018-09-22,29800,2018,9
"2092",2018-09-23,27900,2018,9
"2093",2018-09-24,25400,2018,9
"2094",2018-09-25,22500,2018,9
"2095",2018-09-26,19300,2018,9
"2096",2018-09-27,15600,2018,9
"2097",2018-09-28,11600,2018,9
"2098",2018-09-29,8030,2018,9
"2099",2018-09-30,5770,2018,9
"2100",2018-10-01,5080,2018,10
"2101",2018-10-02,4980,2018,10
"2102",2018-10-03,5070,2018,10
"2103",2018-10-04,5150,2018,10
"2104",2018-10-05,5220,2018,10
"2105",2018-10-06,5330,2018,10
"2106",2018-10-07,5480,2018,10
"2107",2018-10-08,5630,2018,10
"2108",2018-10-09,5760,2018,10
"2109",2018-10-10,5860,2018,10
"2110",2018-10-11,5840,2018,10
"2111",2018-10-12,5490,2018,10
"2112",2018-10-13,4440,2018,10
"2113",2018-10-14,3590,2018,10
"2114",2018-10-15,3810,2018,10
"2115",2018-10-16,4210,2018,10
"2116",2018-10-17,4530,2018,10
"2117",2018-10-18,4540,2018,10
"2118",2018-10-19,4360,2018,10
"2119",2018-10-20,4320,2018,10
"2120",2018-10-21,4400,2018,10
"2121",2018-10-22,4510,2018,10
"2122",2018-10-23,4620,2018,10
"2123",2018-10-24,4510,2018,10
"2124",2018-10-25,3740,2018,10
"2125",2018-10-26,2670,2018,10
"2126",2018-10-27,2480,2018,10
"2127",2018-10-28,2690,2018,10
"2128",2018-10-29,3040,2018,10
"2129",2018-10-30,3580,2018,10
"2130",2018-10-31,3760,2018,10
"2131",2018-11-01,3590,2018,11
"2132",2018-11-02,3700,2018,11
"2133",2018-11-03,3950,2018,11
"2134",2018-11-04,4050,2018,11
"2135",2018-11-05,3760,2018,11
"2136",2018-11-06,2990,2018,11
"2137",2018-11-07,2470,2018,11
"2138",2018-11-08,2650,2018,11
"2139",2018-11-09,2950,2018,11
"2140",2018-11-10,3270,2018,11
"2141",2018-11-11,3550,2018,11
"2142",2018-11-12,3680,2018,11
"2143",2018-11-13,3830,2018,11
"2144",2018-11-14,4190,2018,11
"2145",2018-11-15,4860,2018,11
"2146",2018-11-16,5460,2018,11
"2147",2018-11-17,6080,2018,11
"2148",2018-11-18,6990,2018,11
"2149",2018-11-19,8340,2018,11
"2150",2018-11-20,9750,2018,11
"2151",2018-11-21,10800,2018,11
"2152",2018-11-22,11200,2018,11
"2153",2018-11-23,10900,2018,11
"2154",2018-11-24,9900,2018,11
"2155",2018-11-25,8720,2018,11
"2156",2018-11-26,7780,2018,11
"2157",2018-11-27,7270,2018,11
"2158",2018-11-28,7110,2018,11
"2159",2018-11-29,7190,2018,11
"2160",2018-11-30,7320,2018,11
"2161",2018-12-01,7390,2018,12
"2162",2018-12-02,7670,2018,12
"2163",2018-12-03,7830,2018,12
"2164",2018-12-04,7970,2018,12
"2165",2018-12-05,8040,2018,12
"2166",2018-12-06,8130,2018,12
"2167",2018-12-07,8270,2018,12
"2168",2018-12-08,8330,2018,12
"2169",2018-12-09,8460,2018,12
"2170",2018-12-10,8730,2018,12
"2171",2018-12-11,9000,2018,12
"2172",2018-12-12,9120,2018,12
"2173",2018-12-13,8980,2018,12
"2174",2018-12-14,8850,2018,12
"2175",2018-12-15,9430,2018,12
"2176",2018-12-16,10200,2018,12
"2177",2018-12-17,10600,2018,12
"2178",2018-12-18,10500,2018,12
"2179",2018-12-19,10300,2018,12
"2180",2018-12-20,10200,2018,12
"2181",2018-12-21,10100,2018,12
"2182",2018-12-22,9900,2018,12
"2183",2018-12-23,9460,2018,12
"2184",2018-12-24,8860,2018,12
"2185",2018-12-25,8300,2018,12
"2186",2018-12-26,7840,2018,12
"2187",2018-12-27,7440,2018,12
"2188",2018-12-28,7170,2018,12
"2189",2018-12-29,7200,2018,12
"2190",2018-12-30,7370,2018,12
"2191",2018-12-31,7550,2018,12
"2192",2019-01-01,7810,2019,1
"2193",2019-01-02,8130,2019,1
"2194",2019-01-03,8420,2019,1
"2195",2019-01-04,8630,2019,1
"2196",2019-01-05,8700,2019,1
"2197",2019-01-06,8620,2019,1
"2198",2019-01-07,8430,2019,1
"2199",2019-01-08,8300,2019,1
"2200",2019-01-09,8320,2019,1
"2201",2019-01-10,8390,2019,1
"2202",2019-01-11,8380,2019,1
"2203",2019-01-12,8200,2019,1
"2204",2019-01-13,7910,2019,1
"2205",2019-01-14,7540,2019,1
"2206",2019-01-15,7140,2019,1
"2207",2019-01-16,6590,2019,1
"2208",2019-01-17,6190,2019,1
"2209",2019-01-18,6020,2019,1
"2210",2019-01-19,5960,2019,1
"2211",2019-01-20,5970,2019,1
"2212",2019-01-21,5980,2019,1
"2213",2019-01-22,6030,2019,1
"2214",2019-01-23,6020,2019,1
"2215",2019-01-24,6040,2019,1
"2216",2019-01-25,6200,2019,1
"2217",2019-01-26,6250,2019,1
"2218",2019-01-27,6180,2019,1
"2219",2019-01-28,6170,2019,1
"2220",2019-01-29,6330,2019,1
"2221",2019-01-30,6560,2019,1
"2222",2019-01-31,6690,2019,1
"2223",2019-02-01,6640,2019,2
"2224",2019-02-02,6390,2019,2
"2225",2019-02-03,5740,2019,2
"2226",2019-02-04,4750,2019,2
"2227",2019-02-05,3940,2019,2
"2228",2019-02-06,3460,2019,2
"2229",2019-02-07,3200,2019,2
"2230",2019-02-08,3030,2019,2
"2231",2019-02-09,2880,2019,2
"2232",2019-02-10,2770,2019,2
"2233",2019-02-11,2720,2019,2
"2234",2019-02-12,2740,2019,2
"2235",2019-02-13,2780,2019,2
"2236",2019-02-14,2900,2019,2
"2237",2019-02-15,3040,2019,2
"2238",2019-02-16,3200,2019,2
"2239",2019-02-17,3450,2019,2
"2240",2019-02-18,3850,2019,2
"2241",2019-02-19,4380,2019,2
"2242",2019-02-20,4990,2019,2
"2243",2019-02-21,5480,2019,2
"2244",2019-02-22,5810,2019,2
"2245",2019-02-23,6090,2019,2
"2246",2019-02-24,6390,2019,2
"2247",2019-02-25,6680,2019,2
"2248",2019-02-26,7070,2019,2
"2249",2019-02-27,7610,2019,2
"2250",2019-02-28,8280,2019,2
"2251",2019-03-01,9010,2019,3
"2252",2019-03-02,9850,2019,3
"2253",2019-03-03,10400,2019,3
"2254",2019-03-04,10500,2019,3
"2255",2019-03-05,10300,2019,3
"2256",2019-03-06,9980,2019,3
"2257",2019-03-07,9840,2019,3
"2258",2019-03-08,9900,2019,3
"2259",2019-03-09,10100,2019,3
"2260",2019-03-10,10100,2019,3
"2261",2019-03-11,10000,2019,3
"2262",2019-03-12,9660,2019,3
"2263",2019-03-13,9210,2019,3
"2264",2019-03-14,8780,2019,3
"2265",2019-03-15,8410,2019,3
"2266",2019-03-16,8070,2019,3
"2267",2019-03-17,7730,2019,3
"2268",2019-03-18,7410,2019,3
"2269",2019-03-19,7100,2019,3
"2270",2019-03-20,6730,2019,3
"2271",2019-03-21,6450,2019,3
"2272",2019-03-22,5960,2019,3
"2273",2019-03-23,5340,2019,3
"2274",2019-03-24,4880,2019,3
"2275",2019-03-25,4720,2019,3
"2276",2019-03-26,4840,2019,3
"2277",2019-03-27,4960,2019,3
"2278",2019-03-28,5050,2019,3
"2279",2019-03-29,5110,2019,3
"2280",2019-03-30,5050,2019,3
"2281",2019-03-31,4660,2019,3
"2282",2019-04-01,3960,2019,4
"2283",2019-04-02,3340,2019,4
"2284",2019-04-03,3190,2019,4
"2285",2019-04-04,3290,2019,4
"2286",2019-04-05,3350,2019,4
"2287",2019-04-06,3420,2019,4
"2288",2019-04-07,3430,2019,4
"2289",2019-04-08,3500,2019,4
"2290",2019-04-09,3720,2019,4
"2291",2019-04-10,3930,2019,4
"2292",2019-04-11,4230,2019,4
"2293",2019-04-12,4720,2019,4
"2294",2019-04-13,5290,2019,4
"2295",2019-04-14,5800,2019,4
"2296",2019-04-15,6270,2019,4
"2297",2019-04-16,6830,2019,4
"2298",2019-04-17,7540,2019,4
"2299",2019-04-18,8360,2019,4
"2300",2019-04-19,9220,2019,4
"2301",2019-04-20,9960,2019,4
"2302",2019-04-21,10100,2019,4
"2303",2019-04-22,9790,2019,4
"2304",2019-04-23,9370,2019,4
"2305",2019-04-24,9040,2019,4
"2306",2019-04-25,8720,2019,4
"2307",2019-04-26,8280,2019,4
"2308",2019-04-27,7690,2019,4
"2309",2019-04-28,7130,2019,4
"2310",2019-04-29,6700,2019,4
"2311",2019-04-30,6490,2019,4
"2312",2019-05-01,6370,2019,5
"2313",2019-05-02,6230,2019,5
"2314",2019-05-03,5970,2019,5
"2315",2019-05-04,5560,2019,5
"2316",2019-05-05,4810,2019,5
"2317",2019-05-06,3560,2019,5
"2318",2019-05-07,2680,2019,5
"2319",2019-05-08,2460,2019,5
"2320",2019-05-09,2380,2019,5
"2321",2019-05-10,2220,2019,5
"2322",2019-05-11,2020,2019,5
"2323",2019-05-12,1840,2019,5
"2324",2019-05-13,1760,2019,5
"2325",2019-05-14,1620,2019,5
"2326",2019-05-15,1500,2019,5
"2327",2019-05-16,1630,2019,5
"2328",2019-05-17,1790,2019,5
"2329",2019-05-18,1610,2019,5
"2330",2019-05-19,1450,2019,5
"2331",2019-05-20,1330,2019,5
"2332",2019-05-21,1200,2019,5
"2333",2019-05-22,1120,2019,5
"2334",2019-05-23,1040,2019,5
"2335",2019-05-24,981,2019,5
"2336",2019-05-25,939,2019,5
"2337",2019-05-26,919,2019,5
"2338",2019-05-27,909,2019,5
"2339",2019-05-28,879,2019,5
"2340",2019-05-29,849,2019,5
"2341",2019-05-30,855,2019,5
"2342",2019-05-31,883,2019,5
"2343",2019-06-01,837,2019,6
"2344",2019-06-02,833,2019,6
"2345",2019-06-03,809,2019,6
"2346",2019-06-04,951,2019,6
"2347",2019-06-05,964,2019,6
"2348",2019-06-06,875,2019,6
"2349",2019-06-07,824,2019,6
"2350",2019-06-08,1180,2019,6
"2351",2019-06-09,1830,2019,6
"2352",2019-06-10,2310,2019,6
"2353",2019-06-11,3470,2019,6
"2354",2019-06-12,4310,2019,6
"2355",2019-06-13,5080,2019,6
"2356",2019-06-14,5520,2019,6
"2357",2019-06-15,5910,2019,6
"2358",2019-06-16,6100,2019,6
"2359",2019-06-17,5470,2019,6
"2360",2019-06-18,3940,2019,6
"2361",2019-06-19,2590,2019,6
"2362",2019-06-20,2030,2019,6
"2363",2019-06-21,1790,2019,6
"2364",2019-06-22,1510,2019,6
"2365",2019-06-23,1360,2019,6
"2366",2019-06-24,1540,2019,6
"2367",2019-06-25,1800,2019,6
"2368",2019-06-26,1860,2019,6
"2369",2019-06-27,1810,2019,6
"2370",2019-06-28,1750,2019,6
"2371",2019-06-29,1650,2019,6
"2372",2019-06-30,1550,2019,6
"2373",2019-07-01,1340,2019,7
"2374",2019-07-02,1120,2019,7
"2375",2019-07-03,998,2019,7
"2376",2019-07-04,914,2019,7
"2377",2019-07-05,849,2019,7
"2378",2019-07-06,843,2019,7
"2379",2019-07-07,799,2019,7
"2380",2019-07-08,753,2019,7
"2381",2019-07-09,835,2019,7
"2382",2019-07-10,793,2019,7
"2383",2019-07-11,784,2019,7
"2384",2019-07-12,1520,2019,7
"2385",2019-07-13,2980,2019,7
"2386",2019-07-14,3790,2019,7
"2387",2019-07-15,4350,2019,7
"2388",2019-07-16,4670,2019,7
"2389",2019-07-17,3920,2019,7
"2390",2019-07-18,2510,2019,7
"2391",2019-07-19,1590,2019,7
"2392",2019-07-20,1170,2019,7
"2393",2019-07-21,1140,2019,7
"2394",2019-07-22,1140,2019,7
"2395",2019-07-23,971,2019,7
"2396",2019-07-24,1040,2019,7
"2397",2019-07-25,1180,2019,7
"2398",2019-07-26,1950,2019,7
"2399",2019-07-27,2710,2019,7
"2400",2019-07-28,2300,2019,7
"2401",2019-07-29,1660,2019,7
"2402",2019-07-30,1330,2019,7
"2403",2019-07-31,1090,2019,7
"2404",2019-08-01,939,2019,8
"2405",2019-08-02,850,2019,8
"2406",2019-08-03,801,2019,8
"2407",2019-08-04,854,2019,8
"2408",2019-08-05,1220,2019,8
"2409",2019-08-06,1760,2019,8
"2410",2019-08-07,2160,2019,8
"2411",2019-08-08,2070,2019,8
"2412",2019-08-09,1890,2019,8
"2413",2019-08-10,1630,2019,8
"2414",2019-08-11,1580,2019,8
"2415",2019-08-12,1480,2019,8
"2416",2019-08-13,1220,2019,8
"2417",2019-08-14,985,2019,8
"2418",2019-08-15,869,2019,8
"2419",2019-08-16,869,2019,8
"2420",2019-08-17,1680,2019,8
"2421",2019-08-18,2050,2019,8
"2422",2019-08-19,1740,2019,8
"2423",2019-08-20,1710,2019,8
"2424",2019-08-21,1550,2019,8
"2425",2019-08-22,1340,2019,8
"2426",2019-08-23,1150,2019,8
"2427",2019-08-24,1020,2019,8
"2428",2019-08-25,975,2019,8
"2429",2019-08-26,1050,2019,8
"2430",2019-08-27,1320,2019,8
"2431",2019-08-28,1370,2019,8
"2432",2019-08-29,1190,2019,8
"2433",2019-08-30,1040,2019,8
"2434",2019-08-31,948,2019,8
"2435",2019-09-01,884,2019,9
"2436",2019-09-02,818,2019,9
"2437",2019-09-03,770,2019,9
"2438",2019-09-04,760,2019,9
"2439",2019-09-05,1170,2019,9
"2440",2019-09-06,3950,2019,9
"2441",2019-09-07,5210,2019,9
"2442",2019-09-08,5770,2019,9
"2443",2019-09-09,6090,2019,9
"2444",2019-09-10,6570,2019,9
"2445",2019-09-11,6620,2019,9
"2446",2019-09-12,5700,2019,9
"2447",2019-09-13,3990,2019,9
"2448",2019-09-14,2350,2019,9
"2449",2019-09-15,1560,2019,9
"2450",2019-09-16,1300,2019,9
"2451",2019-09-17,1140,2019,9
"2452",2019-09-18,1030,2019,9
"2453",2019-09-19,932,2019,9
"2454",2019-09-20,844,2019,9
"2455",2019-09-21,778,2019,9
"2456",2019-09-22,737,2019,9
"2457",2019-09-23,688,2019,9
"2458",2019-09-24,658,2019,9
"2459",2019-09-25,647,2019,9
"2460",2019-09-26,632,2019,9
"2461",2019-09-27,606,2019,9
"2462",2019-09-28,607,2019,9
"2463",2019-09-29,604,2019,9
"2464",2019-09-30,573,2019,9
"2465",2019-10-01,549,2019,10
"2466",2019-10-02,539,2019,10
"2467",2019-10-03,524,2019,10
"2468",2019-10-04,515,2019,10
"2469",2019-10-05,500,2019,10
"2470",2019-10-06,484,2019,10
"2471",2019-10-07,479,2019,10
"2472",2019-10-08,473,2019,10
"2473",2019-10-09,465,2019,10
"2474",2019-10-10,466,2019,10
"2475",2019-10-11,466,2019,10
"2476",2019-10-12,457,2019,10
"2477",2019-10-13,446,2019,10
"2478",2019-10-14,464,2019,10
"2479",2019-10-15,524,2019,10
"2480",2019-10-16,549,2019,10
"2481",2019-10-17,614,2019,10
"2482",2019-10-18,701,2019,10
"2483",2019-10-19,739,2019,10
"2484",2019-10-20,863,2019,10
"2485",2019-10-21,996,2019,10
"2486",2019-10-22,1070,2019,10
"2487",2019-10-23,1900,2019,10
"2488",2019-10-24,2220,2019,10
"2489",2019-10-25,1840,2019,10
"2490",2019-10-26,1500,2019,10
"2491",2019-10-27,1290,2019,10
"2492",2019-10-28,1090,2019,10
"2493",2019-10-29,944,2019,10
"2494",2019-10-30,870,2019,10
"2495",2019-10-31,826,2019,10
"2496",2019-11-01,780,2019,11
"2497",2019-11-02,786,2019,11
"2498",2019-11-03,793,2019,11
"2499",2019-11-04,942,2019,11
"2500",2019-11-05,962,2019,11
"2501",2019-11-06,851,2019,11
"2502",2019-11-07,763,2019,11
"2503",2019-11-08,740,2019,11
"2504",2019-11-09,739,2019,11
"2505",2019-11-10,730,2019,11
"2506",2019-11-11,729,2019,11
"2507",2019-11-12,758,2019,11
"2508",2019-11-13,771,2019,11
"2509",2019-11-14,773,2019,11
"2510",2019-11-15,956,2019,11
"2511",2019-11-16,1560,2019,11
"2512",2019-11-17,1660,2019,11
"2513",2019-11-18,1630,2019,11
"2514",2019-11-19,1640,2019,11
"2515",2019-11-20,1580,2019,11
"2516",2019-11-21,1480,2019,11
"2517",2019-11-22,1390,2019,11
"2518",2019-11-23,1300,2019,11
"2519",2019-11-24,1250,2019,11
"2520",2019-11-25,1240,2019,11
"2521",2019-11-26,1390,2019,11
"2522",2019-11-27,1850,2019,11
"2523",2019-11-28,1860,2019,11
"2524",2019-11-29,1620,2019,11
"2525",2019-11-30,1440,2019,11
"2526",2019-12-01,1370,2019,12
"2527",2019-12-02,1440,2019,12
"2528",2019-12-03,1600,2019,12
"2529",2019-12-04,2050,2019,12
"2530",2019-12-05,2290,2019,12
"2531",2019-12-06,2110,2019,12
"2532",2019-12-07,1820,2019,12
"2533",2019-12-08,1570,2019,12
"2534",2019-12-09,1430,2019,12
"2535",2019-12-10,1360,2019,12
"2536",2019-12-11,1320,2019,12
"2537",2019-12-12,1350,2019,12
"2538",2019-12-13,1370,2019,12
"2539",2019-12-14,1570,2019,12
"2540",2019-12-15,2310,2019,12
"2541",2019-12-16,3260,2019,12
"2542",2019-12-17,4070,2019,12
"2543",2019-12-18,4960,2019,12
"2544",2019-12-19,5850,2019,12
"2545",2019-12-20,6510,2019,12
"2546",2019-12-21,6690,2019,12
"2547",2019-12-22,6040,2019,12
"2548",2019-12-23,4660,2019,12
"2549",2019-12-24,3390,2019,12
"2550",2019-12-25,2760,2019,12
"2551",2019-12-26,2610,2019,12
"2552",2019-12-27,2600,2019,12
"2553",2019-12-28,2480,2019,12
"2554",2019-12-29,2270,2019,12
"2555",2019-12-30,2080,2019,12
"2556",2019-12-31,1940,2019,12
"2557",2020-01-01,1870,2020,1
"2558",2020-01-02,1830,2020,1
"2559",2020-01-03,1750,2020,1
"2560",2020-01-04,1720,2020,1
"2561",2020-01-05,1910,2020,1
"2562",2020-01-06,2620,2020,1
"2563",2020-01-07,3480,2020,1
"2564",2020-01-08,4130,2020,1
"2565",2020-01-09,4570,2020,1
"2566",2020-01-10,4580,2020,1
"2567",2020-01-11,4310,2020,1
"2568",2020-01-12,4000,2020,1
"2569",2020-01-13,3810,2020,1
"2570",2020-01-14,3650,2020,1
"2571",2020-01-15,3780,2020,1
"2572",2020-01-16,4270,2020,1
"2573",2020-01-17,4850,2020,1
"2574",2020-01-18,5360,2020,1
"2575",2020-01-19,5740,2020,1
"2576",2020-01-20,5860,2020,1
"2577",2020-01-21,5640,2020,1
"2578",2020-01-22,4970,2020,1
"2579",2020-01-23,4020,2020,1
"2580",2020-01-24,3280,2020,1
"2581",2020-01-25,2750,2020,1
"2582",2020-01-26,2620,2020,1
"2583",2020-01-27,2830,2020,1
"2584",2020-01-28,3290,2020,1
"2585",2020-01-29,3580,2020,1
"2586",2020-01-30,3500,2020,1
"2587",2020-01-31,3500,2020,1
"2588",2020-02-01,3940,2020,2
"2589",2020-02-02,4400,2020,2
"2590",2020-02-03,4760,2020,2
"2591",2020-02-04,5020,2020,2
"2592",2020-02-05,5160,2020,2
"2593",2020-02-06,5050,2020,2
"2594",2020-02-07,5560,2020,2
"2595",2020-02-08,6190,2020,2
"2596",2020-02-09,6930,2020,2
"2597",2020-02-10,7780,2020,2
"2598",2020-02-11,9110,2020,2
"2599",2020-02-12,10900,2020,2
"2600",2020-02-13,13100,2020,2
"2601",2020-02-14,14800,2020,2
"2602",2020-02-15,15100,2020,2
"2603",2020-02-16,14300,2020,2
"2604",2020-02-17,12700,2020,2
"2605",2020-02-18,10600,2020,2
"2606",2020-02-19,8930,2020,2
"2607",2020-02-20,7920,2020,2
"2608",2020-02-21,7650,2020,2
"2609",2020-02-22,7560,2020,2
"2610",2020-02-23,7510,2020,2
"2611",2020-02-24,7460,2020,2
"2612",2020-02-25,7440,2020,2
"2613",2020-02-26,7420,2020,2
"2614",2020-02-27,7390,2020,2
"2615",2020-02-28,7240,2020,2
"2616",2020-02-29,7060,2020,2
"2617",2020-03-01,6840,2020,3
"2618",2020-03-02,6610,2020,3
"2619",2020-03-03,6440,2020,3
"2620",2020-03-04,6210,2020,3
"2621",2020-03-05,5650,2020,3
"2622",2020-03-06,4910,2020,3
"2623",2020-03-07,4160,2020,3
"2624",2020-03-08,3630,2020,3
"2625",2020-03-09,3330,2020,3
"2626",2020-03-10,3010,2020,3
"2627",2020-03-11,2690,2020,3
"2628",2020-03-12,2490,2020,3
"2629",2020-03-13,2320,2020,3
"2630",2020-03-14,2270,2020,3
"2631",2020-03-15,2250,2020,3
"2632",2020-03-16,2120,2020,3
"2633",2020-03-17,1990,2020,3
"2634",2020-03-18,1870,2020,3
"2635",2020-03-19,1780,2020,3
"2636",2020-03-20,1740,2020,3
"2637",2020-03-21,1710,2020,3
"2638",2020-03-22,1670,2020,3
"2639",2020-03-23,1650,2020,3
"2640",2020-03-24,1670,2020,3
"2641",2020-03-25,1890,2020,3
"2642",2020-03-26,2450,2020,3
"2643",2020-03-27,3050,2020,3
"2644",2020-03-28,3710,2020,3
"2645",2020-03-29,4300,2020,3
"2646",2020-03-30,4700,2020,3
"2647",2020-03-31,4730,2020,3
"2648",2020-04-01,4500,2020,4
"2649",2020-04-02,4100,2020,4
"2650",2020-04-03,3790,2020,4
"2651",2020-04-04,3590,2020,4
"2652",2020-04-05,3260,2020,4
"2653",2020-04-06,2700,2020,4
"2654",2020-04-07,2230,2020,4
"2655",2020-04-08,1990,2020,4
"2656",2020-04-09,1990,2020,4
"2657",2020-04-10,1930,2020,4
"2658",2020-04-11,1800,2020,4
"2659",2020-04-12,1690,2020,4
"2660",2020-04-13,1720,2020,4
"2661",2020-04-14,1710,2020,4
"2662",2020-04-15,1600,2020,4
"2663",2020-04-16,1710,2020,4
"2664",2020-04-17,1870,2020,4
"2665",2020-04-18,2170,2020,4
"2666",2020-04-19,2300,2020,4
"2667",2020-04-20,2220,2020,4
"2668",2020-04-21,2100,2020,4
"2669",2020-04-22,2130,2020,4
"2670",2020-04-23,2520,2020,4
"2671",2020-04-24,2890,2020,4
"2672",2020-04-25,2890,2020,4
"2673",2020-04-26,2590,2020,4
"2674",2020-04-27,2100,2020,4
"2675",2020-04-28,1680,2020,4
"2676",2020-04-29,1460,2020,4
"2677",2020-04-30,1600,2020,4
"2678",2020-05-01,2550,2020,5
"2679",2020-05-02,3440,2020,5
"2680",2020-05-03,4120,2020,5
"2681",2020-05-04,4860,2020,5
"2682",2020-05-05,5520,2020,5
"2683",2020-05-06,6030,2020,5
"2684",2020-05-07,5890,2020,5
"2685",2020-05-08,5170,2020,5
"2686",2020-05-09,4320,2020,5
"2687",2020-05-10,3540,2020,5
"2688",2020-05-11,2790,2020,5
"2689",2020-05-12,1960,2020,5
"2690",2020-05-13,1500,2020,5
"2691",2020-05-14,1310,2020,5
"2692",2020-05-15,1070,2020,5
"2693",2020-05-16,893,2020,5
"2694",2020-05-17,812,2020,5
"2695",2020-05-18,784,2020,5
"2696",2020-05-19,746,2020,5
"2697",2020-05-20,824,2020,5
"2698",2020-05-21,1360,2020,5
"2699",2020-05-22,2750,2020,5
"2700",2020-05-23,3660,2020,5
"2701",2020-05-24,4370,2020,5
"2702",2020-05-25,4990,2020,5
"2703",2020-05-26,5520,2020,5
"2704",2020-05-27,5800,2020,5
"2705",2020-05-28,5870,2020,5
"2706",2020-05-29,5890,2020,5
"2707",2020-05-30,5850,2020,5
"2708",2020-05-31,6080,2020,5
"2709",2020-06-01,6370,2020,6
"2710",2020-06-02,6760,2020,6
"2711",2020-06-03,7240,2020,6
"2712",2020-06-04,7650,2020,6
"2713",2020-06-05,7850,2020,6
"2714",2020-06-06,7810,2020,6
"2715",2020-06-07,7500,2020,6
"2716",2020-06-08,6880,2020,6
"2717",2020-06-09,5940,2020,6
"2718",2020-06-10,4500,2020,6
"2719",2020-06-11,2980,2020,6
"2720",2020-06-12,1960,2020,6
"2721",2020-06-13,1850,2020,6
"2722",2020-06-14,2010,2020,6
"2723",2020-06-15,2200,2020,6
"2724",2020-06-16,2830,2020,6
"2725",2020-06-17,3810,2020,6
"2726",2020-06-18,4520,2020,6
"2727",2020-06-19,5230,2020,6
"2728",2020-06-20,5800,2020,6
"2729",2020-06-21,6540,2020,6
"2730",2020-06-22,7380,2020,6
"2731",2020-06-23,7950,2020,6
"2732",2020-06-24,8270,2020,6
"2733",2020-06-25,8310,2020,6
"2734",2020-06-26,7850,2020,6
"2735",2020-06-27,6320,2020,6
"2736",2020-06-28,4370,2020,6
"2737",2020-06-29,2610,2020,6
"2738",2020-06-30,1720,2020,6
"2739",2020-07-01,1520,2020,7
"2740",2020-07-02,1560,2020,7
"2741",2020-07-03,1960,2020,7
"2742",2020-07-04,2000,2020,7
"2743",2020-07-05,1760,2020,7
"2744",2020-07-06,1460,2020,7
"2745",2020-07-07,1330,2020,7
"2746",2020-07-08,1820,2020,7
"2747",2020-07-09,1900,2020,7
"2748",2020-07-10,1720,2020,7
"2749",2020-07-11,1470,2020,7
"2750",2020-07-12,1250,2020,7
"2751",2020-07-13,1070,2020,7
"2752",2020-07-14,1110,2020,7
"2753",2020-07-15,1130,2020,7
"2754",2020-07-16,1310,2020,7
"2755",2020-07-17,1420,2020,7
"2756",2020-07-18,1190,2020,7
"2757",2020-07-19,929,2020,7
"2758",2020-07-20,798,2020,7
"2759",2020-07-21,984,2020,7
"2760",2020-07-22,1530,2020,7
"2761",2020-07-23,1180,2020,7
"2762",2020-07-24,903,2020,7
"2763",2020-07-25,890,2020,7
"2764",2020-07-26,929,2020,7
"2765",2020-07-27,1220,2020,7
"2766",2020-07-28,1480,2020,7
"2767",2020-07-29,1510,2020,7
"2768",2020-07-30,1250,2020,7
"2769",2020-07-31,1340,2020,7
"2770",2020-08-01,2310,2020,8
"2771",2020-08-02,2790,2020,8
"2772",2020-08-03,2460,2020,8
"2773",2020-08-04,2860,2020,8
"2774",2020-08-05,3430,2020,8
"2775",2020-08-06,3930,2020,8
"2776",2020-08-07,4560,2020,8
"2777",2020-08-08,5850,2020,8
"2778",2020-08-09,8030,2020,8
"2779",2020-08-10,9440,2020,8
"2780",2020-08-11,10200,2020,8
"2781",2020-08-12,9960,2020,8
"2782",2020-08-13,9340,2020,8
"2783",2020-08-14,8230,2020,8
"2784",2020-08-15,6750,2020,8
"2785",2020-08-16,5400,2020,8
"2786",2020-08-17,4450,2020,8
"2787",2020-08-18,4360,2020,8
"2788",2020-08-19,4840,2020,8
"2789",2020-08-20,5670,2020,8
"2790",2020-08-21,6760,2020,8
"2791",2020-08-22,7720,2020,8
"2792",2020-08-23,7860,2020,8
"2793",2020-08-24,7510,2020,8
"2794",2020-08-25,6860,2020,8
"2795",2020-08-26,6060,2020,8
"2796",2020-08-27,5290,2020,8
"2797",2020-08-28,4300,2020,8
"2798",2020-08-29,3180,2020,8
"2799",2020-08-30,2220,2020,8
"2800",2020-08-31,1690,2020,8
"2801",2020-09-01,1420,2020,9
"2802",2020-09-02,1450,2020,9
"2803",2020-09-03,2550,2020,9
"2804",2020-09-04,3480,2020,9
"2805",2020-09-05,4350,2020,9
"2806",2020-09-06,5490,2020,9
"2807",2020-09-07,6940,2020,9
"2808",2020-09-08,8230,2020,9
"2809",2020-09-09,8470,2020,9
"2810",2020-09-10,6900,2020,9
"2811",2020-09-11,4610,2020,9
"2812",2020-09-12,3210,2020,9
"2813",2020-09-13,2830,2020,9
"2814",2020-09-14,3070,2020,9
"2815",2020-09-15,3420,2020,9
"2816",2020-09-16,3340,2020,9
"2817",2020-09-17,2730,2020,9
"2818",2020-09-18,2590,2020,9
"2819",2020-09-19,3050,2020,9
"2820",2020-09-20,3740,2020,9
"2821",2020-09-21,4460,2020,9
"2822",2020-09-22,5150,2020,9
"2823",2020-09-23,5550,2020,9
"2824",2020-09-24,5170,2020,9
"2825",2020-09-25,4070,2020,9
"2826",2020-09-26,3280,2020,9
"2827",2020-09-27,3250,2020,9
"2828",2020-09-28,3670,2020,9
"2829",2020-09-29,4260,2020,9
"2830",2020-09-30,5040,2020,9
"2831",2020-10-01,5490,2020,10
"2832",2020-10-02,5780,2020,10
"2833",2020-10-03,6000,2020,10
"2834",2020-10-04,6290,2020,10
"2835",2020-10-05,6540,2020,10
"2836",2020-10-06,6590,2020,10
"2837",2020-10-07,6300,2020,10
"2838",2020-10-08,5340,2020,10
"2839",2020-10-09,3720,2020,10
"2840",2020-10-10,2250,2020,10
"2841",2020-10-11,1680,2020,10
"2842",2020-10-12,1570,2020,10
"2843",2020-10-13,1650,2020,10
"2844",2020-10-14,2030,2020,10
"2845",2020-10-15,2420,2020,10
"2846",2020-10-16,2560,2020,10
"2847",2020-10-17,2840,2020,10
"2848",2020-10-18,3090,2020,10
"2849",2020-10-19,3260,2020,10
"2850",2020-10-20,3390,2020,10
"2851",2020-10-21,3330,2020,10
"2852",2020-10-22,3040,2020,10
"2853",2020-10-23,2750,2020,10
"2854",2020-10-24,2560,2020,10
"2855",2020-10-25,2460,2020,10
"2856",2020-10-26,2410,2020,10
"2857",2020-10-27,2300,2020,10
"2858",2020-10-28,2190,2020,10
"2859",2020-10-29,2220,2020,10
"2860",2020-10-30,2140,2020,10
"2861",2020-10-31,1970,2020,10
"2862",2020-11-01,1790,2020,11
"2863",2020-11-02,1700,2020,11
"2864",2020-11-03,1640,2020,11
"2865",2020-11-04,1650,2020,11
"2866",2020-11-05,1740,2020,11
"2867",2020-11-06,1760,2020,11
"2868",2020-11-07,1740,2020,11
"2869",2020-11-08,1610,2020,11
"2870",2020-11-09,1480,2020,11
"2871",2020-11-10,1370,2020,11
"2872",2020-11-11,1350,2020,11
"2873",2020-11-12,2860,2020,11
"2874",2020-11-13,5460,2020,11
"2875",2020-11-14,8020,2020,11
"2876",2020-11-15,10100,2020,11
"2877",2020-11-16,12400,2020,11
"2878",2020-11-17,15300,2020,11
"2879",2020-11-18,18100,2020,11
"2880",2020-11-19,19700,2020,11
"2881",2020-11-20,19900,2020,11
"2882",2020-11-21,18800,2020,11
"2883",2020-11-22,16500,2020,11
"2884",2020-11-23,13800,2020,11
"2885",2020-11-24,11000,2020,11
"2886",2020-11-25,8680,2020,11
"2887",2020-11-26,7180,2020,11
"2888",2020-11-27,6390,2020,11
"2889",2020-11-28,5980,2020,11
"2890",2020-11-29,5310,2020,11
"2891",2020-11-30,4460,2020,11
"2892",2020-12-01,3870,2020,12
"2893",2020-12-02,3810,2020,12
"2894",2020-12-03,4150,2020,12
"2895",2020-12-04,4660,2020,12
"2896",2020-12-05,5050,2020,12
"2897",2020-12-06,5240,2020,12
"2898",2020-12-07,5290,2020,12
"2899",2020-12-08,5260,2020,12
"2900",2020-12-09,5140,2020,12
"2901",2020-12-10,4860,2020,12
"2902",2020-12-11,4520,2020,12
"2903",2020-12-12,4230,2020,12
"2904",2020-12-13,3950,2020,12
"2905",2020-12-14,3740,2020,12
"2906",2020-12-15,3600,2020,12
"2907",2020-12-16,3700,2020,12
"2908",2020-12-17,4240,2020,12
"2909",2020-12-18,4940,2020,12
"2910",2020-12-19,5320,2020,12
"2911",2020-12-20,5620,2020,12
"2912",2020-12-21,6050,2020,12
"2913",2020-12-22,6490,2020,12
"2914",2020-12-23,6860,2020,12
"2915",2020-12-24,7190,2020,12
"2916",2020-12-25,7730,2020,12
"2917",2020-12-26,8490,2020,12
"2918",2020-12-27,8890,2020,12
"2919",2020-12-28,9150,2020,12
"2920",2020-12-29,9640,2020,12
"2921",2020-12-30,10100,2020,12
"2922",2020-12-31,10500,2020,12
"2923",2021-01-01,11500,2021,1
"2924",2021-01-02,11900,2021,1
"2925",2021-01-03,11700,2021,1
"2926",2021-01-04,11900,2021,1
"2927",2021-01-05,12200,2021,1
"2928",2021-01-06,12600,2021,1
"2929",2021-01-07,13200,2021,1
"2930",2021-01-08,13900,2021,1
"2931",2021-01-09,14800,2021,1
"2932",2021-01-10,15100,2021,1
"2933",2021-01-11,14800,2021,1
"2934",2021-01-12,14000,2021,1
"2935",2021-01-13,12800,2021,1
"2936",2021-01-14,11400,2021,1
"2937",2021-01-15,9840,2021,1
"2938",2021-01-16,8590,2021,1
"2939",2021-01-17,7740,2021,1
"2940",2021-01-18,7290,2021,1
"2941",2021-01-19,7120,2021,1
"2942",2021-01-20,7050,2021,1
"2943",2021-01-21,6980,2021,1
"2944",2021-01-22,6840,2021,1
"2945",2021-01-23,6590,2021,1
"2946",2021-01-24,6350,2021,1
"2947",2021-01-25,6130,2021,1
"2948",2021-01-26,5980,2021,1
"2949",2021-01-27,5570,2021,1
"2950",2021-01-28,5350,2021,1
"2951",2021-01-29,5490,2021,1
"2952",2021-01-30,5860,2021,1
"2953",2021-01-31,6270,2021,1
"2954",2021-02-01,6930,2021,2
"2955",2021-02-02,7610,2021,2
"2956",2021-02-03,7950,2021,2
"2957",2021-02-04,8130,2021,2
"2958",2021-02-05,8450,2021,2
"2959",2021-02-06,8890,2021,2
"2960",2021-02-07,9250,2021,2
"2961",2021-02-08,9290,2021,2
"2962",2021-02-09,8970,2021,2
"2963",2021-02-10,8520,2021,2
"2964",2021-02-11,8000,2021,2
"2965",2021-02-12,7530,2021,2
"2966",2021-02-13,7210,2021,2
"2967",2021-02-14,7530,2021,2
"2968",2021-02-15,8650,2021,2
"2969",2021-02-16,9940,2021,2
"2970",2021-02-17,11100,2021,2
"2971",2021-02-18,12100,2021,2
"2972",2021-02-19,13600,2021,2
"2973",2021-02-20,15100,2021,2
"2974",2021-02-21,15900,2021,2
"2975",2021-02-22,16100,2021,2
"2976",2021-02-23,16300,2021,2
"2977",2021-02-24,16300,2021,2
"2978",2021-02-25,16000,2021,2
"2979",2021-02-26,15400,2021,2
"2980",2021-02-27,14400,2021,2
"2981",2021-02-28,13000,2021,2
"2982",2021-03-01,11400,2021,3
"2983",2021-03-02,9940,2021,3
"2984",2021-03-03,9040,2021,3
"2985",2021-03-04,8670,2021,3
"2986",2021-03-05,8640,2021,3
"2987",2021-03-06,8730,2021,3
"2988",2021-03-07,8810,2021,3
"2989",2021-03-08,8790,2021,3
"2990",2021-03-09,8680,2021,3
"2991",2021-03-10,8500,2021,3
"2992",2021-03-11,8300,2021,3
"2993",2021-03-12,8120,2021,3
"2994",2021-03-13,7950,2021,3
"2995",2021-03-14,7790,2021,3
"2996",2021-03-15,7620,2021,3
"2997",2021-03-16,7800,2021,3
"2998",2021-03-17,8540,2021,3
"2999",2021-03-18,9140,2021,3
"3000",2021-03-19,9310,2021,3
"3001",2021-03-20,9620,2021,3
"3002",2021-03-21,9620,2021,3
"3003",2021-03-22,9110,2021,3
"3004",2021-03-23,8050,2021,3
"3005",2021-03-24,6680,2021,3
"3006",2021-03-25,5670,2021,3
"3007",2021-03-26,5030,2021,3
"3008",2021-03-27,4780,2021,3
"3009",2021-03-28,4940,2021,3
"3010",2021-03-29,4950,2021,3
"3011",2021-03-30,4770,2021,3
"3012",2021-03-31,4840,2021,3
"3013",2021-04-01,5300,2021,4
"3014",2021-04-02,5710,2021,4
"3015",2021-04-03,5780,2021,4
"3016",2021-04-04,5680,2021,4
"3017",2021-04-05,5470,2021,4
"3018",2021-04-06,5230,2021,4
"3019",2021-04-07,5000,2021,4
"3020",2021-04-08,4760,2021,4
"3021",2021-04-09,4440,2021,4
"3022",2021-04-10,3800,2021,4
"3023",2021-04-11,3160,2021,4
"3024",2021-04-12,2970,2021,4
"3025",2021-04-13,3130,2021,4
"3026",2021-04-14,3340,2021,4
"3027",2021-04-15,3410,2021,4
"3028",2021-04-16,3410,2021,4
"3029",2021-04-17,3200,2021,4
"3030",2021-04-18,2850,2021,4
"3031",2021-04-19,2600,2021,4
"3032",2021-04-20,2430,2021,4
"3033",2021-04-21,2300,2021,4
"3034",2021-04-22,2120,2021,4
"3035",2021-04-23,1890,2021,4
"3036",2021-04-24,1690,2021,4
"3037",2021-04-25,1520,2021,4
"3038",2021-04-26,1400,2021,4
"3039",2021-04-27,1320,2021,4
"3040",2021-04-28,1290,2021,4
"3041",2021-04-29,1270,2021,4
"3042",2021-04-30,1200,2021,4
"3043",2021-05-01,1130,2021,5
"3044",2021-05-02,1060,2021,5
"3045",2021-05-03,1010,2021,5
"3046",2021-05-04,1010,2021,5
"3047",2021-05-05,973,2021,5
"3048",2021-05-06,952,2021,5
"3049",2021-05-07,960,2021,5
"3050",2021-05-08,1010,2021,5
"3051",2021-05-09,1040,2021,5
"3052",2021-05-10,1090,2021,5
"3053",2021-05-11,1180,2021,5
"3054",2021-05-12,1150,2021,5
"3055",2021-05-13,1140,2021,5
"3056",2021-05-14,1170,2021,5
"3057",2021-05-15,1100,2021,5
"3058",2021-05-16,1040,2021,5
"3059",2021-05-17,953,2021,5
"3060",2021-05-18,868,2021,5
"3061",2021-05-19,817,2021,5
"3062",2021-05-20,791,2021,5
"3063",2021-05-21,767,2021,5
"3064",2021-05-22,734,2021,5
"3065",2021-05-23,703,2021,5
"3066",2021-05-24,697,2021,5
"3067",2021-05-25,660,2021,5
"3068",2021-05-26,631,2021,5
"3069",2021-05-27,619,2021,5
"3070",2021-05-28,750,2021,5
"3071",2021-05-29,703,2021,5
"3072",2021-05-30,633,2021,5
"3073",2021-05-31,682,2021,5
"3074",2021-06-01,717,2021,6
"3075",2021-06-02,708,2021,6
"3076",2021-06-03,956,2021,6
"3077",2021-06-04,2470,2021,6
"3078",2021-06-05,3960,2021,6
"3079",2021-06-06,4920,2021,6
"3080",2021-06-07,5400,2021,6
"3081",2021-06-08,5530,2021,6
"3082",2021-06-09,4900,2021,6
"3083",2021-06-10,3820,2021,6
"3084",2021-06-11,3470,2021,6
"3085",2021-06-12,3590,2021,6
"3086",2021-06-13,3920,2021,6
"3087",2021-06-14,4510,2021,6
"3088",2021-06-15,4950,2021,6
"3089",2021-06-16,4900,2021,6
"3090",2021-06-17,4120,2021,6
"3091",2021-06-18,2970,2021,6
"3092",2021-06-19,1930,2021,6
"3093",2021-06-20,1440,2021,6
"3094",2021-06-21,1340,2021,6
"3095",2021-06-22,1310,2021,6
"3096",2021-06-23,1730,2021,6
"3097",2021-06-24,2380,2021,6
"3098",2021-06-25,2280,2021,6
"3099",2021-06-26,1970,2021,6
"3100",2021-06-27,1720,2021,6
"3101",2021-06-28,1900,2021,6
"3102",2021-06-29,1910,2021,6
"3103",2021-06-30,1720,2021,6
"3104",2021-07-01,1510,2021,7
"3105",2021-07-02,1340,2021,7
"3106",2021-07-03,1320,2021,7
"3107",2021-07-04,1300,2021,7
"3108",2021-07-05,1510,2021,7
"3109",2021-07-06,1750,2021,7
"3110",2021-07-07,1570,2021,7
"3111",2021-07-08,1350,2021,7
"3112",2021-07-09,1610,2021,7
"3113",2021-07-10,2530,2021,7
"3114",2021-07-11,3600,2021,7
"3115",2021-07-12,4500,2021,7
"3116",2021-07-13,5300,2021,7
"3117",2021-07-14,6030,2021,7
"3118",2021-07-15,6790,2021,7
"3119",2021-07-16,7320,2021,7
"3120",2021-07-17,7120,2021,7
"3121",2021-07-18,5990,2021,7
"3122",2021-07-19,4450,2021,7
"3123",2021-07-20,3090,2021,7
"3124",2021-07-21,3220,2021,7
"3125",2021-07-22,3840,2021,7
"3126",2021-07-23,4420,2021,7
"3127",2021-07-24,4820,2021,7
"3128",2021-07-25,4760,2021,7
"3129",2021-07-26,3870,2021,7
"3130",2021-07-27,2450,2021,7
"3131",2021-07-28,2230,2021,7
"3132",2021-07-29,3630,2021,7
"3133",2021-07-30,4760,2021,7
"3134",2021-07-31,5700,2021,7
"3135",2021-08-01,6140,2021,8
"3136",2021-08-02,5590,2021,8
"3137",2021-08-03,4430,2021,8
"3138",2021-08-04,3940,2021,8
"3139",2021-08-05,3690,2021,8
"3140",2021-08-06,3340,2021,8
"3141",2021-08-07,3060,2021,8
"3142",2021-08-08,3590,2021,8
"3143",2021-08-09,4570,2021,8
"3144",2021-08-10,4850,2021,8
"3145",2021-08-11,4430,2021,8
"3146",2021-08-12,3680,2021,8
"3147",2021-08-13,2700,2021,8
"3148",2021-08-14,1920,2021,8
"3149",2021-08-15,1560,2021,8
"3150",2021-08-16,1420,2021,8
"3151",2021-08-17,1360,2021,8
"3152",2021-08-18,1890,2021,8
"3153",2021-08-19,2360,2021,8
"3154",2021-08-20,2330,2021,8
"3155",2021-08-21,2040,2021,8
"3156",2021-08-22,1890,2021,8
"3157",2021-08-23,2010,2021,8
"3158",2021-08-24,2040,2021,8
"3159",2021-08-25,1750,2021,8
"3160",2021-08-26,1450,2021,8
"3161",2021-08-27,1320,2021,8
"3162",2021-08-28,1200,2021,8
"3163",2021-08-29,1090,2021,8
"3164",2021-08-30,1010,2021,8
"3165",2021-08-31,933,2021,8
"3166",2021-09-01,871,2021,9
"3167",2021-09-02,811,2021,9
"3168",2021-09-03,760,2021,9
"3169",2021-09-04,715,2021,9
"3170",2021-09-05,667,2021,9
"3171",2021-09-06,632,2021,9
"3172",2021-09-07,614,2021,9
"3173",2021-09-08,602,2021,9
"3174",2021-09-09,612,2021,9
"3175",2021-09-10,588,2021,9
"3176",2021-09-11,583,2021,9
"3177",2021-09-12,866,2021,9
"3178",2021-09-13,1460,2021,9
"3179",2021-09-14,1240,2021,9
"3180",2021-09-15,944,2021,9
"3181",2021-09-16,780,2021,9
"3182",2021-09-17,710,2021,9
"3183",2021-09-18,653,2021,9
"3184",2021-09-19,673,2021,9
"3185",2021-09-20,684,2021,9
"3186",2021-09-21,654,2021,9
"3187",2021-09-22,672,2021,9
"3188",2021-09-23,790,2021,9
"3189",2021-09-24,701,2021,9
"3190",2021-09-25,655,2021,9
"3191",2021-09-26,828,2021,9
"3192",2021-09-27,943,2021,9
"3193",2021-09-28,808,2021,9
"3194",2021-09-29,701,2021,9
"3195",2021-09-30,637,2021,9
"3196",2021-10-01,589,2021,10
"3197",2021-10-02,559,2021,10
"3198",2021-10-03,553,2021,10
"3199",2021-10-04,560,2021,10
"3200",2021-10-05,531,2021,10
"3201",2021-10-06,496,2021,10
"3202",2021-10-07,473,2021,10
"3203",2021-10-08,475,2021,10
"3204",2021-10-09,523,2021,10
"3205",2021-10-10,540,2021,10
"3206",2021-10-11,1200,2021,10
"3207",2021-10-12,2550,2021,10
"3208",2021-10-13,3230,2021,10
"3209",2021-10-14,3540,2021,10
"3210",2021-10-15,3300,2021,10
"3211",2021-10-16,2080,2021,10
"3212",2021-10-17,1290,2021,10
"3213",2021-10-18,989,2021,10
"3214",2021-10-19,849,2021,10
"3215",2021-10-20,776,2021,10
"3216",2021-10-21,740,2021,10
"3217",2021-10-22,687,2021,10
"3218",2021-10-23,641,2021,10
"3219",2021-10-24,607,2021,10
"3220",2021-10-25,587,2021,10
"3221",2021-10-26,683,2021,10
"3222",2021-10-27,674,2021,10
"3223",2021-10-28,672,2021,10
"3224",2021-10-29,1330,2021,10
"3225",2021-10-30,1470,2021,10
"3226",2021-10-31,1240,2021,10
"3227",2021-11-01,1430,2021,11
"3228",2021-11-02,1570,2021,11
"3229",2021-11-03,1320,2021,11
"3230",2021-11-04,1060,2021,11
"3231",2021-11-05,913,2021,11
"3232",2021-11-06,843,2021,11
"3233",2021-11-07,796,2021,11
"3234",2021-11-08,759,2021,11
"3235",2021-11-09,715,2021,11
"3236",2021-11-10,667,2021,11
"3237",2021-11-11,633,2021,11
"3238",2021-11-12,620,2021,11
"3239",2021-11-13,617,2021,11
"3240",2021-11-14,603,2021,11
"3241",2021-11-15,595,2021,11
"3242",2021-11-16,580,2021,11
"3243",2021-11-17,567,2021,11
"3244",2021-11-18,554,2021,11
"3245",2021-11-19,542,2021,11
"3246",2021-11-20,533,2021,11
"3247",2021-11-21,533,2021,11
"3248",2021-11-22,543,2021,11
"3249",2021-11-23,552,2021,11
"3250",2021-11-24,590,2021,11
"3251",2021-11-25,610,2021,11
"3252",2021-11-26,712,2021,11
"3253",2021-11-27,747,2021,11
"3254",2021-11-28,697,2021,11
"3255",2021-11-29,668,2021,11
"3256",2021-11-30,661,2021,11
"3257",2021-12-01,646,2021,12
"3258",2021-12-02,625,2021,12
"3259",2021-12-03,616,2021,12
"3260",2021-12-04,602,2021,12
"3261",2021-12-05,601,2021,12
"3262",2021-12-06,604,2021,12
"3263",2021-12-07,585,2021,12
"3264",2021-12-08,654,2021,12
"3265",2021-12-09,858,2021,12
"3266",2021-12-10,939,2021,12
"3267",2021-12-11,1010,2021,12
"3268",2021-12-12,1130,2021,12
"3269",2021-12-13,1080,2021,12
"3270",2021-12-14,971,2021,12
"3271",2021-12-15,944,2021,12
"3272",2021-12-16,954,2021,12
"3273",2021-12-17,879,2021,12
"3274",2021-12-18,802,2021,12
"3275",2021-12-19,772,2021,12
"3276",2021-12-20,766,2021,12
"3277",2021-12-21,796,2021,12
"3278",2021-12-22,1050,2021,12
"3279",2021-12-23,1540,2021,12
"3280",2021-12-24,1640,2021,12
"3281",2021-12-25,1660,2021,12
"3282",2021-12-26,1500,2021,12
"3283",2021-12-27,1290,2021,12
"3284",2021-12-28,1130,2021,12
"3285",2021-12-29,1030,2021,12
"3286",2021-12-30,959,2021,12
"3287",2021-12-31,938,2021,12
"3288",2022-01-01,1130,2022,1
